Qmethod,channelnum,period,deadline,capacity,throughput,utilisation,Queueing Delay,deadlineMissRatio,DMR1,DMR2,DMR3,DMR4,DMR5,DMR6,DMR7,DMR8,DMR9,DMR10,DMR11,DMR12,DMR13,DMR14,DMR15,DMR16,DMR17,DMR18,DMR19,DMR20,DMR21,DMR22,DMR23,DMR24,DMR25,DMR26,DMR27,DMR28,DMR29,DMR30
FCFS,0,5000,5000,4,0.000806667,0.1,0,0,0,0,0,0,0,0,0,0,0,0,0,0,0,0,0,0,0,0,0,0,0,0,0,0,0
FCFS,1,5000,5000,3,0.00140647,0.174975,5358,0,0,0,0,0,0,0,0,0,0,0,0,0,0,0,0,0,0,0,0,0,0,0,0,0,0
FCFS,2,5000,5000,2,0.00180573,0.224883,9746,0,0,0,0,0,0,0,0,0,0,0,0,0,0,0,0,0,0,0,0,0,0,0,0,0,0
FCFS,3,5000,5000,4,0.00259873,0.324008,15523,0,0,0,0,0,0,0,0,0,0,0,0,0,0,0,0,0,0,0,0,0,0,0,0,0,0
FCFS,4,5000,5000,2,0.00299327,0.373325,30640,0,0,0,0,0,0,0,0,0,0,0,0,0,0,0,0,0,0,0,0,0,0,0,0,0,0
FCFS,5,5000,5000,4,0.00378713,0.472558,46545,0,0,0,0,0,0,0,0,0,0,0,0,0,0,0,0,0,0,0,0,0,0,0,0,0,0
FCFS,6,5000,5000,3,0.00436547,0.54485,67904,0,0,0,0,0,0,0,0,0,0,0,0,0,0,0,0,0,0,0,0,0,0,0,0,0,0
FCFS,7,5000,5000,1,0.00455513,0.568558,86788,0,0,0,0,0,0,0,0,0,0,0,0,0,0,0,0,0,0,0,0,0,0,0,0,0,0
FCFS,8,5000,5000,2,0.00493573,0.616133,104143,0,0,0,0,0,0,0,0,0,0,0,0,0,0,0,0,0,0,0,0,0,0,0,0,0,0
FCFS,9,5000,5000,2,0.0053162,0.663692,127882,0,0,0,0,0,0,0,0,0,0,0,0,0,0,0,0,0,0,0,0,0,0,0,0,0,0
FCFS,10,5000,5000,3,0.00589133,0.735583,174643,0,0,0,0,0,0,0,0,0,0,0,0,0,0,0,0,0,0,0,0,0,0,0,0,0,0
FCFS,11,5000,5000,4,0.00661273,0.825758,268130,0,0,0,0,0,0,0,0,0,0,0,0,0,0,0,0,0,0,0,0,0,0,0,0,0,0
FCFS,12,5000,5000,3,0.00717207,0.895675,450293,0,0,0,0,0,0,0,0,0,0,0,0,0,0,0,0,0,0,0,0,0,0,0,0,0,0
FCFS,13,5000,5000,4,0.00757487,0.946025,1804005,0.541355,0.508578,0.525091,0.515435,0.533023,0.515687,0.541881,0.550545,0.531119,0.54366,0.526373,0.523542,0.557191,0.572873,0.614225,0,0,0,0,0,0,0,0,0,0,0
FCFS,14,5000,5000,4,0.00761793,0.951408,3563078,0.777649,0.73731,0.74694,0.743958,0.760958,0.755564,0.776626,0.789644,0.781332,0.780456,0.789767,0.791484,0.808879,0.815414,0.827715,0.841844,0,0,0,0,0,0,0,0,0,0
FCFS,15,5000,5000,3,0.00765473,0.956008,4857159,0.821336,0.781323,0.785214,0.790302,0.803535,0.804117,0.811729,0.8177,0.820716,0.825554,0.836562,0.841363,0.853414,0.855226,0.867568,0.88346,0.883963,0,0,0,0,0,0,0,0,0
FCFS,16,5000,5000,1,0.00766853,0.957733,5470439,0.830739,0.789766,0.799836,0.801067,0.812526,0.810733,0.823602,0.832499,0.83182,0.837271,0.838378,0.847791,0.861855,0.864618,0.876737,0.888746,0.900028,0.891692,0,0,0,0,0,0,0,0
FCFS,17,5000,5000,3,0.0076796,0.959117,6593716,0.84738,0.791862,0.797288,0.805267,0.816434,0.820281,0.828816,0.845333,0.844858,0.847602,0.852642,0.867157,0.877951,0.884438,0.894827,0.909707,0.913485,0.91311,0.914613,0,0,0,0,0,0,0
FCFS,18,5000,5000,1,0.0076774,0.958842,7144560,0.848105,0.798639,0.803555,0.809383,0.827288,0.828135,0.838211,0.846119,0.839348,0.85305,0.862381,0.868294,0.879587,0.890774,0.897723,0.910121,0.912748,0.913088,0.920541,0.924839,0,0,0,0,0,0
FCFS,19,5000,5000,1,0.0076578,0.956392,7681236,0.850601,0.79011,0.801791,0.806758,0.81458,0.822787,0.837744,0.847698,0.845738,0.852142,0.858247,0.86923,0.879042,0.886283,0.904705,0.907269,0.91481,0.912574,0.930676,0.94268,0.943882,0,0,0,0,0
FCFS,20,5000,5000,4,0.00767987,0.95915,8784264,0.859141,0.79898,0.80503,0.814371,0.82071,0.826453,0.837332,0.847763,0.850707,0.855234,0.861,0.873524,0.882313,0.892176,0.903177,0.906651,0.918243,0.92343,0.942067,0.946097,0.951556,0.961039,0,0,0,0
FCFS,21,5000,5000,1,0.0076888,0.960267,9330642,0.85945,0.787145,0.790625,0.802389,0.811144,0.81909,0.829501,0.836217,0.838497,0.847594,0.860392,0.870016,0.880223,0.887682,0.897649,0.907558,0.921568,0.915274,0.943475,0.949785,0.955659,0.96969,0.968122,0,0,0
FCFS,22,5000,5000,4,0.007684,0.959667,10126456,0.860903,0.774719,0.786036,0.794477,0.803214,0.81011,0.825021,0.831855,0.830347,0.843224,0.855406,0.864423,0.877343,0.883036,0.895858,0.904396,0.917129,0.929915,0.940342,0.944332,0.947053,0.968751,0.971388,0.985775,0,0
FCFS,23,5000,5000,2,0.00767927,0.959075,10663374,0.86023,0.769295,0.778796,0.786402,0.789643,0.79377,0.81455,0.819863,0.823661,0.83675,0.846423,0.860573,0.873122,0.880598,0.89104,0.897231,0.910632,0.923566,0.938071,0.942776,0.951847,0.969778,0.973199,0.995426,0.993284,0
FCFS,24,5000,5000,3,0.0076902,0.960442,11252100,0.861172,0.759621,0.767621,0.777467,0.786517,0.789068,0.805847,0.814422,0.815125,0.831137,0.839307,0.850166,0.859862,0.866472,0.884861,0.893925,0.906546,0.916427,0.938624,0.943412,0.946887,0.967973,0.978401,0.998049,1.0062,0.998805
FCFS,0,5000,4000,4,0.000806667,0.1,0,0,0,0,0,0,0,0,0,0,0,0,0,0,0,0,0,0,0,0,0,0,0,0,0,0,0
FCFS,1,5000,4000,3,0.00140567,0.174875,6621,0,0,0,0,0,0,0,0,0,0,0,0,0,0,0,0,0,0,0,0,0,0,0,0,0,0
FCFS,2,5000,4000,2,0.00180593,0.224908,12550,0,0,0,0,0,0,0,0,0,0,0,0,0,0,0,0,0,0,0,0,0,0,0,0,0,0
FCFS,3,5000,4000,4,0.0025974,0.323842,17123,0,0,0,0,0,0,0,0,0,0,0,0,0,0,0,0,0,0,0,0,0,0,0,0,0,0
FCFS,4,5000,4000,2,0.0029982,0.373942,27472,0,0,0,0,0,0,0,0,0,0,0,0,0,0,0,0,0,0,0,0,0,0,0,0,0,0
FCFS,5,5000,4000,4,0.0037798,0.471642,48425,0,0,0,0,0,0,0,0,0,0,0,0,0,0,0,0,0,0,0,0,0,0,0,0,0,0
FCFS,6,5000,4000,3,0.0043626,0.544492,69027,0,0,0,0,0,0,0,0,0,0,0,0,0,0,0,0,0,0,0,0,0,0,0,0,0,0
FCFS,7,5000,4000,1,0.00455727,0.568825,89719,0,0,0,0,0,0,0,0,0,0,0,0,0,0,0,0,0,0,0,0,0,0,0,0,0,0
FCFS,8,5000,4000,2,0.0049448,0.617267,94686,0,0,0,0,0,0,0,0,0,0,0,0,0,0,0,0,0,0,0,0,0,0,0,0,0,0
FCFS,9,5000,4000,2,0.00531293,0.663283,133052,0,0,0,0,0,0,0,0,0,0,0,0,0,0,0,0,0,0,0,0,0,0,0,0,0,0
FCFS,10,5000,4000,3,0.00588933,0.735333,155806,0,0,0,0,0,0,0,0,0,0,0,0,0,0,0,0,0,0,0,0,0,0,0,0,0,0
FCFS,11,5000,4000,4,0.00662573,0.827383,262373,0,0,0,0,0,0,0,0,0,0,0,0,0,0,0,0,0,0,0,0,0,0,0,0,0,0
FCFS,12,5000,4000,3,0.00716173,0.894383,448487,0,0,0,0,0,0,0,0,0,0,0,0,0,0,0,0,0,0,0,0,0,0,0,0,0,0
FCFS,13,5000,4000,4,0.00757467,0.946,1801389,0.690053,0.646027,0.670396,0.670557,0.694872,0.68154,0.697228,0.70022,0.699393,0.695829,0.68456,0.68603,0.718798,0.722491,0.75915,0,0,0,0,0,0,0,0,0,0,0
FCFS,14,5000,4000,4,0.00761387,0.9509,3565619,0.830722,0.790324,0.800523,0.799816,0.81216,0.808754,0.826418,0.834419,0.830026,0.838184,0.840231,0.847059,0.863123,0.868356,0.879697,0.885479,0,0,0,0,0,0,0,0,0,0
FCFS,15,5000,4000,3,0.0076614,0.956842,4865129,0.858551,0.814236,0.823873,0.830165,0.838917,0.841888,0.850482,0.863906,0.859071,0.867697,0.865892,0.877875,0.886968,0.898417,0.910009,0.923009,0.92106,0,0,0,0,0,0,0,0,0
FCFS,16,5000,4000,1,0.00763733,0.953833,5415109,0.862612,0.809167,0.825447,0.825465,0.833951,0.836395,0.851099,0.863674,0.858279,0.869231,0.873384,0.886549,0.8942,0.906646,0.91648,0.919439,0.936661,0.930144,0,0,0,0,0,0,0,0
FCFS,17,5000,4000,3,0.00767293,0.958283,6601610,0.877578,0.820812,0.831508,0.83493,0.850405,0.851706,0.864172,0.871473,0.877269,0.878618,0.889538,0.898849,0.911933,0.916873,0.923133,0.936982,0.948234,0.947793,0.95218,0,0,0,0,0,0,0
FCFS,18,5000,4000,1,0.00767407,0.958425,7112307,0.872989,0.816684,0.823672,0.83033,0.840785,0.84427,0.858721,0.867654,0.865443,0.875651,0.889976,0.89395,0.909103,0.912309,0.916982,0.928977,0.944554,0.948857,0.960718,0.955162,0,0,0,0,0,0
FCFS,19,5000,4000,1,0.00768347,0.9596,7750505,0.877366,0.819505,0.825139,0.831281,0.843419,0.840613,0.857781,0.865526,0.86639,0.873888,0.884121,0.890533,0.901971,0.90831,0.919244,0.933304,0.944579,0.949384,0.962728,0.966868,0.963352,0,0,0,0,0
FCFS,20,5000,4000,4,0.00768433,0.959708,8784478,0.880255,0.811405,0.824181,0.829177,0.840632,0.84457,0.850531,0.859913,0.868293,0.879054,0.882329,0.896096,0.905998,0.90965,0.921539,0.934031,0.948552,0.950749,0.956839,0.961624,0.971173,0.984878,0,0,0,0
FCFS,21,5000,4000,1,0.007695,0.961042,9338251,0.879236,0.804882,0.814209,0.81819,0.8285,0.836247,0.844913,0.862804,0.864553,0.871821,0.879456,0.889343,0.897854,0.907054,0.917592,0.9347,0.945372,0.949244,0.958956,0.965284,0.980229,0.997362,0.991308,0,0,0
FCFS,22,5000,4000,4,0.00770553,0.962358,10232256,0.883102,0.798065,0.802165,0.812793,0.823859,0.829545,0.840856,0.856736,0.858107,0.866538,0.874037,0.88534,0.891614,0.900779,0.919275,0.934194,0.945003,0.948792,0.951632,0.957943,0.964895,0.992557,0.998491,0.998667,0,0
FCFS,23,5000,4000,2,0.00768593,0.959908,10710120,0.881031,0.795641,0.806135,0.809695,0.820039,0.82621,0.838021,0.847515,0.847207,0.864533,0.870428,0.877827,0.887184,0.897888,0.910448,0.932524,0.944205,0.944267,0.952965,0.955019,0.967318,0.992858,1.00193,1.00817,0.998244,0
FCFS,24,5000,4000,3,0.00768673,0.960008,11224195,0.878981,0.786244,0.797846,0.800583,0.812096,0.819803,0.825753,0.838692,0.842236,0.854879,0.863804,0.871179,0.886684,0.890438,0.903327,0.924906,0.943773,0.94272,0.951386,0.949271,0.964465,0.993197,0.997641,1.00924,1.00824,0.998825
FCFS,0,5000,3000,4,0.000806667,0.1,0,0,0,0,0,0,0,0,0,0,0,0,0,0,0,0,0,0,0,0,0,0,0,0,0,0,0
FCFS,1,5000,3000,3,0.00140627,0.17495,6295,0,0,0,0,0,0,0,0,0,0,0,0,0,0,0,0,0,0,0,0,0,0,0,0,0,0
FCFS,2,5000,3000,2,0.00180593,0.224908,10227,0,0,0,0,0,0,0,0,0,0,0,0,0,0,0,0,0,0,0,0,0,0,0,0,0,0
FCFS,3,5000,3000,4,0.00260167,0.324375,20107,0,0,0,0,0,0,0,0,0,0,0,0,0,0,0,0,0,0,0,0,0,0,0,0,0,0
FCFS,4,5000,3000,2,0.00299567,0.373625,29920,0,0,0,0,0,0,0,0,0,0,0,0,0,0,0,0,0,0,0,0,0,0,0,0,0,0
FCFS,5,5000,3000,4,0.0037784,0.471467,43963,0,0,0,0,0,0,0,0,0,0,0,0,0,0,0,0,0,0,0,0,0,0,0,0,0,0
FCFS,6,5000,3000,3,0.00436487,0.544775,64305,0,0,0,0,0,0,0,0,0,0,0,0,0,0,0,0,0,0,0,0,0,0,0,0,0,0
FCFS,7,5000,3000,1,0.004548,0.567667,80044,0,0,0,0,0,0,0,0,0,0,0,0,0,0,0,0,0,0,0,0,0,0,0,0,0,0
FCFS,8,5000,3000,2,0.00494153,0.616858,106450,0,0,0,0,0,0,0,0,0,0,0,0,0,0,0,0,0,0,0,0,0,0,0,0,0,0
FCFS,9,5000,3000,2,0.00532167,0.664375,127917,0,0,0,0,0,0,0,0,0,0,0,0,0,0,0,0,0,0,0,0,0,0,0,0,0,0
FCFS,10,5000,3000,3,0.00587853,0.733983,178552,0,0,0,0,0,0,0,0,0,0,0,0,0,0,0,0,0,0,0,0,0,0,0,0,0,0
FCFS,11,5000,3000,4,0.0066256,0.827367,274995,0,0,0,0,0,0,0,0,0,0,0,0,0,0,0,0,0,0,0,0,0,0,0,0,0,0
FCFS,12,5000,3000,3,0.00717213,0.895683,447508,0.00148747,0,0,0,0,0.00462697,0,0,0,0,0,0,0.000694102,0,0,0,0,0,0,0,0,0,0,0,0,0
FCFS,13,5000,3000,4,0.0075442,0.942192,1775988,0.808471,0.765344,0.772633,0.770354,0.785512,0.784761,0.811776,0.814002,0.804693,0.812801,0.815365,0.808224,0.832222,0.842552,0.869217,0,0,0,0,0,0,0,0,0,0,0
FCFS,14,5000,3000,4,0.00763473,0.953508,3575319,0.878994,0.841553,0.847372,0.853042,0.869238,0.868626,0.878425,0.888416,0.884474,0.889999,0.895388,0.899348,0.912763,0.922464,0.933585,0.940746,0,0,0,0,0,0,0,0,0,0
FCFS,15,5000,3000,3,0.00765233,0.955708,4881878,0.896459,0.849152,0.856601,0.863718,0.875581,0.873802,0.883999,0.893603,0.899275,0.905395,0.911036,0.918551,0.925184,0.938356,0.943081,0.960712,0.961692,0,0,0,0,0,0,0,0,0
FCFS,16,5000,3000,1,0.0076754,0.958592,5475740,0.897133,0.844642,0.857491,0.860113,0.87455,0.87797,0.884604,0.896419,0.896243,0.901133,0.906903,0.918018,0.928265,0.933911,0.950748,0.959762,0.970305,0.961511,0,0,0,0,0,0,0,0
FCFS,17,5000,3000,3,0.00766813,0.957683,6548550,0.899884,0.843903,0.854364,0.854034,0.868983,0.872915,0.879989,0.893909,0.895837,0.902903,0.907102,0.919764,0.92964,0.937898,0.949853,0.963198,0.969171,0.969139,0.974941,0,0,0,0,0,0,0
FCFS,18,5000,3000,1,0.0076666,0.957492,7137097,0.90116,0.838991,0.850854,0.855973,0.8656,0.866213,0.882674,0.891768,0.893174,0.901881,0.905914,0.915193,0.930509,0.938682,0.954605,0.961657,0.9683,0.970227,0.981825,0.98826,0,0,0,0,0,0
FCFS,19,5000,3000,1,0.00768593,0.959908,7760170,0.902551,0.840083,0.849846,0.853552,0.866908,0.870429,0.883665,0.892529,0.89411,0.90046,0.906654,0.91961,0.930762,0.942714,0.953974,0.963752,0.966133,0.970638,0.988296,0.997136,0.991752,0,0,0,0,0
FCFS,20,5000,3000,4,0.007678,0.958917,8759007,0.901492,0.832603,0.841605,0.846134,0.861845,0.867846,0.874186,0.885805,0.894035,0.894825,0.900266,0.909973,0.919355,0.937056,0.948781,0.956496,0.962515,0.968124,0.985389,0.995475,0.998729,0.998905,0,0,0,0
FCFS,21,5000,3000,1,0.00769027,0.96045,9372865,0.903192,0.833692,0.84007,0.84715,0.854859,0.861847,0.875019,0.883158,0.887621,0.897466,0.904592,0.914803,0.931037,0.94051,0.954477,0.95806,0.956497,0.967259,0.978918,0.993379,0.999284,1.00926,0.997083,0,0,0
FCFS,22,5000,3000,4,0.00767767,0.958875,10148165,0.90319,0.819431,0.832106,0.844684,0.854279,0.856256,0.872761,0.878817,0.88516,0.894084,0.899279,0.910095,0.924956,0.935951,0.94548,0.955635,0.960739,0.959687,0.977128,0.990403,0.997463,1.00805,1.00695,0.999215,0,0
FCFS,23,5000,3000,2,0.0076816,0.959367,10632088,0.899627,0.805706,0.815501,0.822647,0.835262,0.830399,0.851295,0.866738,0.866509,0.881055,0.888963,0.901244,0.923167,0.927799,0.94323,0.951116,0.952554,0.964385,0.977763,0.987346,0.99682,1.00924,1.00676,1.00915,0.998308,0
FCFS,24,5000,3000,3,0.00768487,0.959775,11216746,0.90061,0.799275,0.813463,0.816983,0.832408,0.841311,0.850356,0.861479,0.867041,0.872653,0.884923,0.899876,0.911098,0.923574,0.942029,0.9521,0.960408,0.960038,0.985833,0.989381,0.998072,1.00924,1.00667,1.00921,1.00821,0.99879
FCFS,0,5000,2000,4,0.000806667,0.1,0,0,0,0,0,0,0,0,0,0,0,0,0,0,0,0,0,0,0,0,0,0,0,0,0,0,0
FCFS,1,5000,2000,3,0.00140607,0.174925,5612,0,0,0,0,0,0,0,0,0,0,0,0,0,0,0,0,0,0,0,0,0,0,0,0,0,0
FCFS,2,5000,2000,2,0.00180593,0.224908,13162,0,0,0,0,0,0,0,0,0,0,0,0,0,0,0,0,0,0,0,0,0,0,0,0,0,0
FCFS,3,5000,2000,4,0.00259853,0.323983,17977,0,0,0,0,0,0,0,0,0,0,0,0,0,0,0,0,0,0,0,0,0,0,0,0,0,0
FCFS,4,5000,2000,2,0.00299907,0.37405,28678,0,0,0,0,0,0,0,0,0,0,0,0,0,0,0,0,0,0,0,0,0,0,0,0,0,0
FCFS,5,5000,2000,4,0.00378047,0.471725,48634,0,0,0,0,0,0,0,0,0,0,0,0,0,0,0,0,0,0,0,0,0,0,0,0,0,0
FCFS,6,5000,2000,3,0.0043684,0.545217,66513,0.00176292,0,0,0,0,0,0.00114143,0,0,0,0,0,0,0,0,0,0,0,0,0,0,0,0,0,0,0
FCFS,7,5000,2000,1,0.00455893,0.569033,82626,0.00042836,0,0,0,0,0,1.14143e-05,0,0.0103404,0,0,0,0,0,0,0,0,0,0,0,0,0,0,0,0,0
FCFS,8,5000,2000,2,0.00494913,0.617808,96110,0,0,0,0,0,0,1.14143e-07,0,0.000103404,0,0,0,0,0,0,0,0,0,0,0,0,0,0,0,0,0
FCFS,9,5000,2000,2,0.005328,0.665167,128860,0.00144458,0,0,0,0.0115983,0,1.14143e-09,0,1.03404e-06,0,0,0,0,0,0,0,0,0,0,0,0,0,0,0,0,0
FCFS,10,5000,2000,3,0.00588633,0.734958,170028,0.00191272,0,0,0.00681231,0.000115983,0,0.0399705,0,1.03404e-08,0,0,0,0,0,0,0,0,0,0,0,0,0,0,0,0,0
FCFS,11,5000,2000,4,0.00661693,0.826283,256556,0.0285573,0,0.0159471,0.0312501,0.0630288,0.103261,0.0430126,0.0507327,0.0399668,0.0226124,0,0.0215124,0.0602287,0,0,0,0,0,0,0,0,0,0,0,0,0
FCFS,12,5000,2000,3,0.00717207,0.895675,452883,0.183023,0.0842134,0.102303,0.13029,0.180564,0.0817137,0.172716,0.341563,0.190582,0.208911,0.0525998,0.0949738,0.354703,0.347068,0,0,0,0,0,0,0,0,0,0,0,0
FCFS,13,5000,2000,4,0.00754187,0.9419,1787339,0.903107,0.862568,0.874475,0.864821,0.879311,0.883298,0.898259,0.915317,0.906117,0.913073,0.90429,0.916571,0.939155,0.947006,0.965887,0,0,0,0,0,0,0,0,0,0,0
FCFS,14,5000,2000,4,0.00762547,0.95235,3565233,0.921343,0.875176,0.882525,0.886691,0.894317,0.896636,0.911508,0.91751,0.923207,0.922867,0.932313,0.948886,0.961402,0.968289,0.979114,0.98802,0,0,0,0,0,0,0,0,0,0
FCFS,15,5000,2000,3,0.00764153,0.954358,4834901,0.926245,0.874173,0.882926,0.887673,0.901258,0.904041,0.915233,0.926987,0.92233,0.934112,0.947352,0.958881,0.964769,0.977845,0.98429,0.995751,0.990803,0,0,0,0,0,0,0,0,0
FCFS,16,5000,2000,1,0.0076608,0.956767,5456427,0.928547,0.873052,0.886314,0.883042,0.893826,0.901333,0.917715,0.926573,0.931609,0.933413,0.939055,0.94859,0.962419,0.9675,0.977495,0.992471,1.00287,0.99172,0,0,0,0,0,0,0,0
FCFS,17,5000,2000,3,0.00766793,0.957658,6513594,0.925152,0.871909,0.881828,0.881826,0.892918,0.899584,0.910663,0.924402,0.921506,0.933569,0.93766,0.950475,0.959028,0.968327,0.977678,0.995575,1.00778,1.00367,0.999166,0,0,0,0,0,0,0
FCFS,18,5000,2000,1,0.007675,0.958542,7122339,0.925698,0.869328,0.876396,0.881715,0.892713,0.895989,0.903876,0.920807,0.916579,0.922791,0.933477,0.948752,0.957771,0.967256,0.977573,0.992941,1.00199,1.00437,1.00914,0.997462,0,0,0,0,0,0
FCFS,19,5000,2000,1,0.0076856,0.959867,7724435,0.926709,0.86026,0.878274,0.8775,0.893989,0.896624,0.91107,0.920051,0.922675,0.926447,0.936144,0.947468,0.958074,0.966264,0.977814,0.991508,1.00349,1.00583,1.00922,1.00734,0.997295,0,0,0,0,0
FCFS,20,5000,2000,4,0.00769787,0.9614,8807161,0.929313,0.864822,0.869084,0.870427,0.881384,0.886893,0.900841,0.914465,0.914871,0.924456,0.932683,0.942273,0.957884,0.963489,0.97613,0.992957,1.00502,1.00375,1.00915,1.00726,1.00714,0.999272,0,0,0,0
FCFS,21,5000,2000,1,0.00768587,0.9599,9348243,0.929094,0.858104,0.869155,0.872096,0.881162,0.886798,0.905048,0.907317,0.913748,0.922932,0.93336,0.941565,0.955814,0.962839,0.984482,0.986947,1.0005,1.00163,1.00913,1.00718,1.00716,1.00925,0.997048,0,0,0
FCFS,22,5000,2000,4,0.0076946,0.960992,10174606,0.929896,0.852787,0.862828,0.869766,0.881495,0.893388,0.905106,0.91523,0.913338,0.918527,0.927929,0.934651,0.952721,0.963013,0.97457,0.993198,0.99636,1.00507,1.00908,1.00673,1.00704,1.0093,1.0068,0.999193,0,0
FCFS,23,5000,2000,2,0.0076826,0.959492,10707202,0.928573,0.84322,0.850085,0.857767,0.872279,0.881208,0.898059,0.907452,0.90751,0.916206,0.926581,0.939315,0.949291,0.956726,0.966349,0.985844,1.00104,1.00054,1.00905,1.00697,1.00696,1.00927,1.00683,1.00917,0.998342,0
FCFS,24,5000,2000,3,0.00767667,0.95875,11138971,0.927016,0.83976,0.847787,0.850691,0.864686,0.869891,0.891174,0.899622,0.903677,0.902421,0.918389,0.929788,0.946218,0.953452,0.965247,0.986468,0.996178,0.999685,1.009,1.00682,1.00678,1.00925,1.00674,1.00922,1.00823,0.998786
FCFS,0,5000,1000,4,0.000806667,0.1,0,0,0,0,0,0,0,0,0,0,0,0,0,0,0,0,0,0,0,0,0,0,0,0,0,0,0
FCFS,1,5000,1000,3,0.00140667,0.175,5850,0,0,0,0,0,0,0,0,0,0,0,0,0,0,0,0,0,0,0,0,0,0,0,0,0,0
FCFS,2,5000,1000,2,0.00180593,0.224908,10826,0.0110701,0,0,0.0813194,0,0,0,0,0,0,0,0,0,0,0,0,0,0,0,0,0,0,0,0,0,0
FCFS,3,5000,1000,4,0.00260167,0.324375,19063,0.0551782,0.010618,0,0.11819,0.0944586,0,0,0,0,0,0,0,0,0,0,0,0,0,0,0,0,0,0,0,0,0
FCFS,4,5000,1000,2,0.00299533,0.373583,28381,0.0535068,0.00010618,0.0340274,0.0845852,0.082653,0.0904777,0,0,0,0,0,0,0,0,0,0,0,0,0,0,0,0,0,0,0,0
FCFS,5,5000,1000,4,0.00377753,0.471358,46300,0.118625,0.0161898,0.117428,0.103693,0.0720251,0.108218,0.229237,0,0,0,0,0,0,0,0,0,0,0,0,0,0,0,0,0,0,0
FCFS,6,5000,1000,3,0.00435913,0.544058,63210,0.158758,0.0634996,0.186317,0.125655,0.145802,0.0993668,0.1517,0.354661,0,0,0,0,0,0,0,0,0,0,0,0,0,0,0,0,0,0
FCFS,7,5000,1000,1,0.00456087,0.569275,80279,0.158866,0.0964515,0.154017,0.155794,0.15054,0.113548,0.105311,0.26571,0.136113,0,0,0,0,0,0,0,0,0,0,0,0,0,0,0,0,0
FCFS,8,5000,1000,2,0.0049328,0.615767,99779,0.179314,0.068377,0.201841,0.161121,0.202073,0.0563882,0.23892,0.274561,0.256894,0.165793,0,0,0,0,0,0,0,0,0,0,0,0,0,0,0,0
FCFS,9,5000,1000,2,0.00532173,0.664383,124983,0.232165,0.154082,0.282361,0.244772,0.325885,0.243409,0.359022,0.333719,0.219431,0.194201,0.204282,0,0,0,0,0,0,0,0,0,0,0,0,0,0,0
FCFS,10,5000,1000,3,0.00589107,0.73555,173611,0.344545,0.280415,0.374175,0.266189,0.329015,0.231812,0.325268,0.469983,0.282488,0.222825,0.331237,0.51198,0,0,0,0,0,0,0,0,0,0,0,0,0,0
FCFS,11,5000,1000,4,0.00662607,0.827425,259268,0.553277,0.383553,0.551144,0.519295,0.588346,0.462666,0.462414,0.52565,0.490327,0.489729,0.437716,0.456498,0.864301,0,0,0,0,0,0,0,0,0,0,0,0,0
FCFS,12,5000,1000,3,0.00715587,0.89365,450094,0.873145,0.869957,0.89127,0.794929,0.878867,0.830578,0.912303,0.893945,0.89241,0.812064,0.774909,0.859515,0.968369,0.952288,0,0,0,0,0,0,0,0,0,0,0,0
FCFS,13,5000,1000,4,0.00753593,0.941158,1765421,0.952179,0.915474,0.921874,0.928796,0.939604,0.938459,0.957007,0.957362,0.957491,0.968359,0.970364,0.980087,0.99756,1.00348,0.998605,0,0,0,0,0,0,0,0,0,0,0
FCFS,14,5000,1000,4,0.0076256,0.952367,3580912,0.956332,0.908987,0.929084,0.939941,0.947675,0.945418,0.95307,0.966083,0.962621,0.969286,0.976377,0.97979,0.991656,1.00328,1.00731,0.999457,0,0,0,0,0,0,0,0,0,0
FCFS,15,5000,1000,3,0.00764753,0.955108,4846935,0.956868,0.902437,0.916409,0.924656,0.942491,0.944197,0.945989,0.9613,0.960562,0.967105,0.974616,0.980678,0.994847,1.00393,1.00872,1.00942,0.999215,0,0,0,0,0,0,0,0,0
FCFS,16,5000,1000,1,0.00766307,0.95705,5471408,0.957685,0.90787,0.923163,0.92867,0.941666,0.94123,0.957259,0.964306,0.958592,0.962215,0.969492,0.982714,0.997192,1.00469,1.00874,1.00952,1.00922,0.997689,0,0,0,0,0,0,0,0
FCFS,17,5000,1000,3,0.00766467,0.95725,6547897,0.956158,0.897299,0.920789,0.920189,0.930786,0.932631,0.944689,0.953035,0.949807,0.961487,0.970424,0.978572,0.996267,0.999654,1.00766,1.00947,1.00925,1.00745,0.999143,0,0,0,0,0,0,0
FCFS,18,5000,1000,1,0.0076838,0.959642,7192239,0.960253,0.89863,0.915016,0.929863,0.936683,0.937941,0.95531,0.969788,0.959164,0.972304,0.966635,0.982436,1.00011,1.00545,1.00826,1.00947,1.00926,1.00759,1.00915,0.997482,0,0,0,0,0,0
FCFS,19,5000,1000,1,0.0076572,0.956317,7642244,0.956184,0.900676,0.912303,0.921987,0.932947,0.934505,0.947198,0.957054,0.949061,0.958983,0.965059,0.981146,0.990722,1.00241,1.00599,1.00946,1.00923,1.00747,1.00921,1.00734,0.99734,0,0,0,0,0
FCFS,20,5000,1000,4,0.00767953,0.959108,8742694,0.956401,0.889328,0.904132,0.916634,0.936095,0.925665,0.94919,0.954852,0.951949,0.957505,0.960972,0.976229,0.988591,1.00035,1.00778,1.00942,1.00918,1.00733,1.00915,1.00725,1.00709,0.999266,0,0,0,0
FCFS,21,5000,1000,1,0.00769667,0.96125,9398532,0.959466,0.891618,0.912937,0.910853,0.933,0.927461,0.950265,0.962658,0.950778,0.954715,0.960976,0.987415,0.997585,1.00074,1.00939,1.0094,1.00917,1.00732,1.00915,1.00727,1.00723,1.00927,0.997133,0,0,0
FCFS,22,5000,1000,4,0.00768493,0.959783,10084320,0.957093,0.886831,0.89883,0.902616,0.929144,0.92303,0.939404,0.958262,0.944925,0.952054,0.964871,0.973076,0.99039,0.995742,1.00707,1.00936,1.00911,1.00707,1.00906,1.007,1.00698,1.00931,1.00678,0.999177,0,0
FCFS,23,5000,1000,2,0.0076962,0.961192,10725138,0.958988,0.886796,0.900886,0.909069,0.914741,0.91824,0.943196,0.955173,0.948124,0.958055,0.963205,0.976142,0.990045,1.00218,1.00713,1.00934,1.00908,1.00699,1.00904,1.00695,1.00693,1.00927,1.0068,1.00914,0.9983,0
FCFS,24,5000,1000,3,0.0076824,0.959467,11284284,0.957633,0.877648,0.904871,0.904473,0.916296,0.917425,0.943236,0.971985,0.955968,0.952145,0.960034,0.962229,0.986925,1.00083,1.00723,1.00931,1.00905,1.00688,1.00901,1.00684,1.00682,1.00926,1.00669,1.00923,1.00826,0.99881
FCFS,0,4000,5000,4,0.00100658,0.125,0,0,0,0,0,0,0,0,0,0,0,0,0,0,0,0,0,0,0,0,0,0,0,0,0,0,0
FCFS,1,4000,5000,3,0.0017568,0.218776,8920,0,0,0,0,0,0,0,0,0,0,0,0,0,0,0,0,0,0,0,0,0,0,0,0,0,0
FCFS,2,4000,5000,2,0.00225904,0.281554,16908,0,0,0,0,0,0,0,0,0,0,0,0,0,0,0,0,0,0,0,0,0,0,0,0,0,0
FCFS,3,4000,5000,4,0.00325981,0.406646,31136,0,0,0,0,0,0,0,0,0,0,0,0,0,0,0,0,0,0,0,0,0,0,0,0,0,0
FCFS,4,4000,5000,2,0.00375401,0.468419,42445,0,0,0,0,0,0,0,0,0,0,0,0,0,0,0,0,0,0,0,0,0,0,0,0,0,0
FCFS,5,4000,5000,4,0.00472547,0.589851,69990,0,0,0,0,0,0,0,0,0,0,0,0,0,0,0,0,0,0,0,0,0,0,0,0,0,0
FCFS,6,4000,5000,3,0.00544793,0.680158,109975,0,0,0,0,0,0,0,0,0,0,0,0,0,0,0,0,0,0,0,0,0,0,0,0,0,0
FCFS,7,4000,5000,1,0.00569734,0.711334,142554,0,0,0,0,0,0,0,0,0,0,0,0,0,0,0,0,0,0,0,0,0,0,0,0,0,0
FCFS,8,4000,5000,2,0.00615885,0.769024,178680,0,0,0,0,0,0,0,0,0,0,0,0,0,0,0,0,0,0,0,0,0,0,0,0,0,0
FCFS,9,4000,5000,2,0.0066251,0.827305,254400,0,0,0,0,0,0,0,0,0,0,0,0,0,0,0,0,0,0,0,0,0,0,0,0,0,0
FCFS,10,4000,5000,3,0.00731719,0.913816,480815,0,0,0,0,0,0,0,0,0,0,0,0,0,0,0,0,0,0,0,0,0,0,0,0,0,0
FCFS,11,4000,5000,4,0.00765753,0.956358,2592912,0.686336,0.66449,0.67985,0.670416,0.682277,0.679711,0.694481,0.69728,0.68873,0.6835,0.689187,0.707426,0.729122,0,0,0,0,0,0,0,0,0,0,0,0,0
FCFS,12,4000,5000,3,0.00770174,0.961884,4435664,0.805178,0.77812,0.787471,0.787997,0.793661,0.799394,0.818236,0.82485,0.81829,0.817037,0.823265,0.836385,0.848795,0.850243,0,0,0,0,0,0,0,0,0,0,0,0
FCFS,13,4000,5000,4,0.00775311,0.968305,6443561,0.852347,0.81835,0.822785,0.831986,0.840049,0.840122,0.852648,0.854452,0.859122,0.865914,0.874588,0.8873,0.897333,0.90212,0.906196,0,0,0,0,0,0,0,0,0,0,0
FCFS,14,4000,5000,4,0.00772028,0.964202,7818659,0.864614,0.809759,0.820582,0.82749,0.842122,0.84525,0.860658,0.867017,0.871458,0.878378,0.889475,0.892054,0.910058,0.922455,0.930056,0.933174,0,0,0,0,0,0,0,0,0,0
FCFS,15,4000,5000,3,0.00773092,0.965532,8906357,0.873601,0.811157,0.821181,0.826402,0.838482,0.84127,0.854115,0.863586,0.872224,0.881267,0.890478,0.907579,0.916261,0.919675,0.928712,0.946493,0.954294,0,0,0,0,0,0,0,0,0
FCFS,16,4000,5000,1,0.00773952,0.966607,9577628,0.873785,0.814325,0.821261,0.830308,0.84146,0.848314,0.860207,0.864736,0.871139,0.881359,0.890346,0.906351,0.912981,0.919781,0.926454,0.951866,0.963513,0.958978,0,0,0,0,0,0,0,0
FCFS,17,4000,5000,3,0.00775417,0.968438,10565046,0.878458,0.818329,0.826973,0.832389,0.840423,0.847515,0.859467,0.872143,0.874267,0.884273,0.890801,0.907044,0.915475,0.919496,0.941375,0.957768,0.961195,0.961901,0.960427,0,0,0,0,0,0,0
FCFS,18,4000,5000,1,0.00776145,0.969349,11222950,0.879026,0.808602,0.821834,0.827167,0.836229,0.84116,0.852305,0.859776,0.861808,0.882418,0.892464,0.901327,0.909563,0.91606,0.925306,0.956079,0.96085,0.968546,0.985299,0.978971,0,0,0,0,0,0
FCFS,19,4000,5000,1,0.00774209,0.966928,11778159,0.877931,0.806286,0.81697,0.823881,0.837696,0.842977,0.857547,0.868445,0.869511,0.877954,0.891413,0.903646,0.908482,0.91541,0.935801,0.956701,0.959958,0.962174,0.981045,0.988981,0.990971,0,0,0,0,0
FCFS,20,4000,5000,4,0.00774551,0.967355,12420840,0.877155,0.788251,0.800872,0.814688,0.822454,0.825773,0.843291,0.85499,0.859014,0.866615,0.872681,0.887902,0.900411,0.908179,0.926244,0.952018,0.95667,0.962209,0.979239,0.993838,1.00159,0.998463,0,0,0,0
FCFS,21,4000,5000,1,0.0077531,0.968305,13070259,0.878522,0.801654,0.809528,0.812899,0.827487,0.833079,0.844898,0.852185,0.856306,0.870699,0.878598,0.891172,0.900528,0.910419,0.926785,0.952687,0.957543,0.960759,0.977575,0.983479,0.99735,1.00671,0.996405,0,0,0
FCFS,22,4000,5000,4,0.00776459,0.969741,13571397,0.878143,0.779092,0.78392,0.793693,0.809271,0.820784,0.8257,0.837331,0.842501,0.853557,0.864336,0.882662,0.89614,0.903353,0.918015,0.948332,0.954565,0.956104,0.98145,0.988763,0.998485,1.00759,1.00563,0.999136,0,0
FCFS,23,4000,5000,2,0.00776343,0.969596,14143588,0.879362,0.776726,0.786468,0.795432,0.809151,0.812686,0.824353,0.834003,0.843413,0.851079,0.862478,0.884088,0.894424,0.903944,0.923917,0.944901,0.949693,0.949642,0.965917,0.984957,0.996388,1.00873,1.00653,1.00916,0.998315,0
FCFS,24,4000,5000,3,0.00775549,0.968603,14556330,0.881243,0.771568,0.782799,0.794533,0.802682,0.811361,0.822133,0.834567,0.844811,0.857586,0.869221,0.881132,0.890067,0.901311,0.920942,0.945036,0.947228,0.948063,0.966847,0.981435,0.990962,1.00813,1.00661,1.00918,1.00816,0.998757
FCFS,0,3000,5000,4,0.00134,0.166667,0,0,0,0,0,0,0,0,0,0,0,0,0,0,0,0,0,0,0,0,0,0,0,0,0,0,0
FCFS,1,3000,5000,3,0.0023382,0.291442,10735,0,0,0,0,0,0,0,0,0,0,0,0,0,0,0,0,0,0,0,0,0,0,0,0,0,0
FCFS,2,3000,5000,2,0.00300267,0.3745,26346,0,0,0,0,0,0,0,0,0,0,0,0,0,0,0,0,0,0,0,0,0,0,0,0,0,0
FCFS,3,3000,5000,4,0.00431747,0.53885,47703,0,0,0,0,0,0,0,0,0,0,0,0,0,0,0,0,0,0,0,0,0,0,0,0,0,0
FCFS,4,3000,5000,2,0.00496747,0.6201,69364,0,0,0,0,0,0,0,0,0,0,0,0,0,0,0,0,0,0,0,0,0,0,0,0,0,0
FCFS,5,3000,5000,4,0.006262,0.781917,158557,0,0,0,0,0,0,0,0,0,0,0,0,0,0,0,0,0,0,0,0,0,0,0,0,0,0
FCFS,6,3000,5000,3,0.00720913,0.900308,341144,0,0,0,0,0,0,0,0,0,0,0,0,0,0,0,0,0,0,0,0,0,0,0,0,0,0
FCFS,7,3000,5000,1,0.0074948,0.936017,581722,0,0,0,0,0,0,0,0,0,0,0,0,0,0,0,0,0,0,0,0,0,0,0,0,0,0
FCFS,8,3000,5000,2,0.0077014,0.961842,2239458,0.616581,0.592029,0.598565,0.59903,0.610798,0.607034,0.636546,0.635238,0.622041,0.637095,0,0,0,0,0,0,0,0,0,0,0,0,0,0,0,0
FCFS,9,3000,5000,2,0.00776407,0.969675,4143431,0.786473,0.765,0.775146,0.775624,0.794299,0.788207,0.799261,0.808297,0.805149,0.818368,0.81484,0,0,0,0,0,0,0,0,0,0,0,0,0,0,0
FCFS,10,3000,5000,3,0.0077786,0.971492,6488842,0.848358,0.821123,0.833624,0.838163,0.846924,0.851806,0.859382,0.870382,0.871885,0.878776,0.888634,0.897836,0,0,0,0,0,0,0,0,0,0,0,0,0,0
FCFS,11,3000,5000,4,0.0077942,0.973442,8764538,0.878038,0.848018,0.856833,0.86031,0.870635,0.87686,0.887196,0.895939,0.89828,0.907813,0.915534,0.927108,0.934418,0,0,0,0,0,0,0,0,0,0,0,0,0
FCFS,12,3000,5000,3,0.00780807,0.975175,10238734,0.88556,0.835563,0.845075,0.852428,0.864967,0.870713,0.887298,0.894025,0.900805,0.91072,0.923034,0.934782,0.945739,0.950548,0,0,0,0,0,0,0,0,0,0,0,0
FCFS,13,3000,5000,4,0.00778967,0.972875,11397433,0.88805,0.829066,0.834198,0.841753,0.857028,0.865916,0.8776,0.889095,0.902322,0.911827,0.925327,0.933951,0.947606,0.962643,0.967329,0,0,0,0,0,0,0,0,0,0,0
FCFS,14,3000,5000,4,0.00780913,0.975308,12497456,0.894807,0.823599,0.834555,0.84252,0.852953,0.867657,0.876802,0.887312,0.898271,0.906546,0.917593,0.928797,0.94965,0.965432,0.98133,0.983101,0,0,0,0,0,0,0,0,0,0
FCFS,15,3000,5000,3,0.0078098,0.975392,13267325,0.895339,0.821681,0.832837,0.839836,0.851151,0.86017,0.877473,0.887764,0.897057,0.906318,0.915359,0.935344,0.954752,0.964345,0.97129,0.98574,0.986116,0,0,0,0,0,0,0,0,0
FCFS,16,3000,5000,1,0.0078104,0.975467,14044471,0.894586,0.8125,0.826634,0.833474,0.847886,0.854027,0.871907,0.88662,0.89254,0.909074,0.916514,0.929032,0.945893,0.960519,0.969755,0.981158,0.999646,0.993653,0,0,0,0,0,0,0,0
FCFS,17,3000,5000,3,0.00781327,0.975825,14718073,0.896595,0.80418,0.817878,0.826148,0.842417,0.847107,0.864171,0.878125,0.891328,0.902903,0.911126,0.92063,0.945601,0.961157,0.971195,0.986494,1.00066,1.0026,0.998688,0,0,0,0,0,0,0
FCFS,18,3000,5000,1,0.00780387,0.97465,15397237,0.896828,0.805139,0.822219,0.829524,0.847116,0.854468,0.870718,0.882645,0.890197,0.901075,0.912634,0.925086,0.943757,0.96157,0.966467,0.982628,0.992759,0.999075,1.0069,0.997324,0,0,0,0,0,0
FCFS,19,3000,5000,1,0.0077894,0.972842,15849661,0.891622,0.788273,0.800697,0.809909,0.8252,0.839561,0.852964,0.867754,0.877294,0.900301,0.909406,0.919855,0.940922,0.956294,0.968152,0.984976,1.00402,1.00645,1.00913,1.00714,0.997145,0,0,0,0,0
FCFS,20,3000,5000,4,0.007819,0.976542,16360545,0.893811,0.788851,0.79495,0.802818,0.818132,0.830839,0.842086,0.86193,0.874204,0.88844,0.897813,0.915124,0.943089,0.957246,0.963157,0.988943,0.997276,1.00007,1.00911,1.00713,1.00701,0.999236,0,0,0,0
FCFS,21,3000,5000,1,0.00780913,0.975308,17010757,0.895912,0.789696,0.799627,0.809764,0.827382,0.843394,0.851536,0.864752,0.872755,0.889515,0.900762,0.918367,0.937725,0.950161,0.963049,0.982009,0.992834,0.99685,1.00709,1.00709,1.007,1.0092,0.99683,0,0,0
FCFS,22,3000,5000,4,0.00781107,0.97555,17104491,0.894272,0.781613,0.788446,0.798666,0.811535,0.825657,0.837543,0.853352,0.866709,0.885118,0.897454,0.912888,0.942187,0.951293,0.962473,0.977904,0.99868,1.00162,1.00878,1.00697,1.00685,1.00924,1.0066,0.999124,0,0
FCFS,23,3000,5000,2,0.00781093,0.975533,17469795,0.892883,0.773178,0.787236,0.795997,0.819191,0.827619,0.84167,0.855139,0.86544,0.883814,0.89362,0.908755,0.933204,0.952351,0.961286,0.976765,0.991152,1.00085,1.00904,1.00689,1.00679,1.00926,1.00672,1.00911,0.998179,0
FCFS,24,3000,5000,3,0.00782,0.976667,17795545,0.893698,0.767017,0.7768,0.787079,0.801743,0.813726,0.830607,0.849473,0.855327,0.87248,0.885627,0.906953,0.931938,0.948827,0.958667,0.97687,0.995018,0.999094,1.00737,1.00506,1.00664,1.00918,1.00646,1.00915,1.00804,0.99864
FCFS,0,2000,5000,4,0.00200667,0.25,0,0,0,0,0,0,0,0,0,0,0,0,0,0,0,0,0,0,0,0,0,0,0,0,0,0,0
FCFS,1,2000,5000,3,0.00350147,0.43685,18207,0,0,0,0,0,0,0,0,0,0,0,0,0,0,0,0,0,0,0,0,0,0,0,0,0,0
FCFS,2,2000,5000,2,0.00449273,0.560758,47798,0,0,0,0,0,0,0,0,0,0,0,0,0,0,0,0,0,0,0,0,0,0,0,0,0,0
FCFS,3,2000,5000,4,0.00645367,0.805875,129859,0,0,0,0,0,0,0,0,0,0,0,0,0,0,0,0,0,0,0,0,0,0,0,0,0,0
FCFS,4,2000,5000,2,0.0074048,0.924767,355113,0,0,0,0,0,0,0,0,0,0,0,0,0,0,0,0,0,0,0,0,0,0,0,0,0,0
FCFS,5,2000,5000,4,0.00779593,0.973658,4842499,0.84576,0.827187,0.8354,0.838012,0.85225,0.854048,0.865148,0,0,0,0,0,0,0,0,0,0,0,0,0,0,0,0,0,0,0
FCFS,6,2000,5000,3,0.007833,0.978292,7737745,0.889404,0.871326,0.881278,0.887293,0.898102,0.904989,0.915075,0.916836,0,0,0,0,0,0,0,0,0,0,0,0,0,0,0,0,0,0
FCFS,7,2000,5000,1,0.00784647,0.979975,9261311,0.894005,0.872864,0.883507,0.888225,0.900907,0.905882,0.921955,0.933181,0.930892,0,0,0,0,0,0,0,0,0,0,0,0,0,0,0,0,0
FCFS,8,2000,5000,2,0.0078608,0.981767,11175048,0.902783,0.880853,0.890053,0.896967,0.90685,0.912817,0.926185,0.93754,0.944682,0.947511,0,0,0,0,0,0,0,0,0,0,0,0,0,0,0,0
FCFS,9,2000,5000,2,0.00786053,0.981733,12827207,0.90579,0.876719,0.886952,0.894389,0.90726,0.916893,0.93017,0.938136,0.94666,0.960618,0.963301,0,0,0,0,0,0,0,0,0,0,0,0,0,0,0
FCFS,10,2000,5000,3,0.00786927,0.982825,14410960,0.910948,0.878992,0.885145,0.894735,0.905172,0.911838,0.924218,0.933651,0.944635,0.961267,0.975907,0.982865,0,0,0,0,0,0,0,0,0,0,0,0,0,0
FCFS,11,2000,5000,4,0.00787893,0.984033,15557562,0.913584,0.863866,0.874871,0.882252,0.89747,0.904493,0.916624,0.931645,0.942881,0.960029,0.977407,0.989794,0.988912,0,0,0,0,0,0,0,0,0,0,0,0,0
FCFS,12,2000,5000,3,0.00787007,0.982925,16342536,0.911441,0.845523,0.856762,0.86472,0.883452,0.89585,0.915881,0.927615,0.936477,0.949183,0.97087,0.986867,0.999388,0.994962,0,0,0,0,0,0,0,0,0,0,0,0
FCFS,13,2000,5000,4,0.0078718,0.983142,16935463,0.912371,0.832395,0.844538,0.855002,0.871496,0.888763,0.903946,0.923419,0.931828,0.947776,0.966288,0.977779,0.993704,1.00222,0.998516,0,0,0,0,0,0,0,0,0,0,0
FCFS,14,2000,5000,4,0.007873,0.983292,17210706,0.910037,0.820618,0.830952,0.841123,0.856256,0.870493,0.893669,0.906469,0.923314,0.943962,0.965034,0.979533,0.998565,1.00737,1.0089,0.998875,0,0,0,0,0,0,0,0,0,0
FCFS,15,2000,5000,3,0.00787213,0.983183,17779795,0.913088,0.808272,0.826888,0.837555,0.856038,0.869935,0.887662,0.903164,0.918211,0.937825,0.963886,0.979365,0.994632,1.00401,1.00853,1.00939,0.99915,0,0,0,0,0,0,0,0,0
FCFS,16,2000,5000,1,0.00786213,0.981933,18496224,0.91004,0.80732,0.822345,0.833262,0.852495,0.867321,0.887784,0.899999,0.915505,0.936675,0.9599,0.979383,0.994877,1.00505,1.00733,1.00948,1.00915,0.997442,0,0,0,0,0,0,0,0
FCFS,17,2000,5000,3,0.00786893,0.982783,18833799,0.909905,0.8012,0.817602,0.827133,0.849101,0.863099,0.879575,0.897551,0.913987,0.938198,0.953344,0.973452,0.996866,1.00551,1.00945,1.00945,1.0092,1.00728,0.999067,0,0,0,0,0,0,0
FCFS,18,2000,5000,1,0.0078702,0.982942,19671041,0.911125,0.797653,0.81138,0.826392,0.842971,0.86342,0.878885,0.901291,0.913494,0.939439,0.956948,0.968409,0.99276,1.00458,1.00816,1.00944,1.00919,1.00735,1.00906,0.997131,0,0,0,0,0,0
FCFS,19,2000,5000,1,0.00786233,0.981958,20352351,0.911098,0.782719,0.801096,0.819995,0.835669,0.854917,0.881261,0.8994,0.911395,0.928417,0.948847,0.971437,0.992796,1.0041,1.0092,1.00943,1.00919,1.00734,1.00915,1.00708,0.997043,0,0,0,0,0
FCFS,20,2000,5000,4,0.007875,0.983542,20301848,0.910628,0.774757,0.790491,0.808066,0.825171,0.844968,0.868504,0.885232,0.895977,0.928404,0.951245,0.978874,0.993302,1.00746,1.00897,1.00906,1.0091,1.00708,1.00905,1.00689,1.00671,0.999157,0,0,0,0
FCFS,21,2000,5000,1,0.00787573,0.983633,21026952,0.911004,0.778492,0.79423,0.808829,0.828366,0.843837,0.867828,0.885591,0.90459,0.923645,0.948403,0.976002,0.994139,1.0036,1.00872,1.00936,1.00909,1.00706,1.00903,1.00682,1.00676,1.00914,0.996577,0,0,0
FCFS,22,2000,5000,4,0.00787407,0.983425,20779283,0.910338,0.764944,0.781402,0.795327,0.816747,0.834735,0.856566,0.876776,0.893348,0.921443,0.956092,0.977171,0.998043,1.00511,1.0083,1.00932,1.00905,1.00689,1.00896,1.00667,1.00656,1.00917,1.00623,0.999024,0,0
FCFS,23,2000,5000,2,0.00786473,0.982258,21012700,0.909309,0.758163,0.777245,0.79088,0.809816,0.828023,0.850554,0.86969,0.889876,0.925226,0.959684,0.97937,0.998337,1.00318,1.00769,1.00929,1.009,1.00672,1.00893,1.00651,1.00643,1.00915,1.00615,1.00897,0.997859,0
FCFS,24,2000,5000,3,0.00787347,0.98335,21168214,0.910025,0.761924,0.773057,0.790834,0.809916,0.828828,0.858606,0.879971,0.894787,0.918485,0.944086,0.963772,0.989746,1.00712,1.0093,1.00929,1.00898,1.00668,1.00889,1.00648,1.00634,1.00911,1.006,1.00903,1.00776,0.99841
FCFS,0,1000,5000,4,0.00400667,0.5,0,0,0,0,0,0,0,0,0,0,0,0,0,0,0,0,0,0,0,0,0,0,0,0,0,0,0
FCFS,1,1000,5000,3,0.00697673,0.871258,134353,0,0,0,0,0,0,0,0,0,0,0,0,0,0,0,0,0,0,0,0,0,0,0,0,0,0
FCFS,2,1000,5000,2,0.00782127,0.976825,4003749,0.810701,0.807837,0.815986,0.815996,0,0,0,0,0,0,0,0,0,0,0,0,0,0,0,0,0,0,0,0,0,0
FCFS,3,1000,5000,4,0.00790013,0.986683,10531009,0.917883,0.913545,0.924595,0.931269,0.935391,0,0,0,0,0,0,0,0,0,0,0,0,0,0,0,0,0,0,0,0,0
FCFS,4,1000,5000,2,0.00791827,0.98895,13741831,0.928013,0.917224,0.926546,0.939326,0.952498,0.952915,0,0,0,0,0,0,0,0,0,0,0,0,0,0,0,0,0,0,0,0
FCFS,5,1000,5000,4,0.00791907,0.98905,15866541,0.933383,0.910069,0.926133,0.938198,0.952799,0.963443,0.971456,0,0,0,0,0,0,0,0,0,0,0,0,0,0,0,0,0,0,0
FCFS,6,1000,5000,3,0.0079286,0.990242,17458142,0.934538,0.897299,0.914545,0.928383,0.94389,0.957663,0.984558,0.988337,0,0,0,0,0,0,0,0,0,0,0,0,0,0,0,0,0,0
FCFS,7,1000,5000,1,0.00792727,0.990075,19466995,0.934437,0.896399,0.913288,0.927048,0.9456,0.96091,0.978958,0.994007,0.99149,0,0,0,0,0,0,0,0,0,0,0,0,0,0,0,0,0
FCFS,8,1000,5000,2,0.00793207,0.990675,20898720,0.934754,0.885056,0.89904,0.917688,0.939938,0.957393,0.977146,0.993726,1.00269,0.998335,0,0,0,0,0,0,0,0,0,0,0,0,0,0,0,0
FCFS,9,1000,5000,2,0.00793207,0.990675,22028905,0.933625,0.867428,0.889665,0.911686,0.933504,0.956798,0.97522,0.993008,1.00273,1.00794,0.999236,0,0,0,0,0,0,0,0,0,0,0,0,0,0,0
FCFS,10,1000,5000,3,0.00794027,0.9917,22649242,0.935459,0.875874,0.892871,0.907268,0.927062,0.945835,0.970533,0.990939,1.001,1.00821,1.00906,0.999481,0,0,0,0,0,0,0,0,0,0,0,0,0,0
FCFS,11,1000,5000,4,0.00792773,0.990133,22328766,0.932303,0.839223,0.864551,0.887449,0.915658,0.941398,0.972006,0.990451,1.00034,1.00836,1.00916,1.00943,0.999568,0,0,0,0,0,0,0,0,0,0,0,0,0
FCFS,12,1000,5000,3,0.00793453,0.990983,22797150,0.935131,0.845729,0.865732,0.888297,0.911105,0.930058,0.964294,0.990653,0.999853,1.007,1.0092,1.00947,1.00952,0.999337,0,0,0,0,0,0,0,0,0,0,0,0
FCFS,13,1000,5000,4,0.0079346,0.990992,22522664,0.933699,0.828275,0.850587,0.877063,0.905537,0.929162,0.962369,0.987479,1.00052,1.00772,1.00839,1.0094,1.00955,1.00922,0.999392,0,0,0,0,0,0,0,0,0,0,0
FCFS,14,1000,5000,4,0.00793347,0.99085,22308047,0.934361,0.825613,0.850202,0.871918,0.903162,0.927396,0.953879,0.981975,0.995723,1.00801,1.00896,1.00939,1.00954,1.00933,1.00937,0.999339,0,0,0,0,0,0,0,0,0,0
FCFS,15,1000,5000,3,0.00793107,0.99055,22480477,0.933376,0.810005,0.836754,0.864841,0.892925,0.92385,0.960126,0.979429,0.996549,1.00647,1.00857,1.00932,1.00948,1.00923,1.00941,1.00929,0.998976,0,0,0,0,0,0,0,0,0
FCFS,16,1000,5000,1,0.0079326,0.990742,23283328,0.933398,0.797452,0.828675,0.857313,0.891874,0.923183,0.959251,0.981334,0.99579,1.00461,1.00877,1.0093,1.00947,1.00922,1.00941,1.00936,1.00898,0.996761,0,0,0,0,0,0,0,0
FCFS,17,1000,5000,3,0.00793493,0.991033,23420811,0.934515,0.79776,0.829501,0.856378,0.88303,0.925166,0.960222,0.982268,0.994345,1.00468,1.0082,1.00923,1.00941,1.00913,1.00935,1.0093,1.00901,1.0066,0.998801,0,0,0,0,0,0,0
FCFS,18,1000,5000,1,0.0079398,0.991642,24376539,0.93601,0.815302,0.838622,0.860394,0.889363,0.91913,0.946974,0.980481,0.9941,1.00642,1.00781,1.00927,1.00944,1.0092,1.0094,1.00937,1.00909,1.00696,1.00889,0.996487,0,0,0,0,0,0
FCFS,19,1000,5000,1,0.00793667,0.99125,24797950,0.932981,0.794821,0.822657,0.853759,0.884285,0.915747,0.954755,0.977728,0.996576,1.00345,1.00634,1.00927,1.00946,1.00921,1.0094,1.00937,1.00908,1.00686,1.00894,1.00629,0.996129,0,0,0,0,0
FCFS,20,1000,5000,4,0.0079394,0.991592,24507205,0.93473,0.792038,0.820008,0.849855,0.889195,0.909611,0.95035,0.98333,0.995032,1.0058,1.00866,1.00906,1.00939,1.00912,1.00934,1.00929,1.00893,1.0065,1.00877,1.00588,1.00539,0.998742,0,0,0,0
FCFS,21,1000,5000,1,0.00792387,0.98965,24909680,0.932713,0.785004,0.825647,0.856034,0.882896,0.909639,0.947844,0.984861,0.998797,1.0038,1.0071,1.00907,1.00942,1.00916,1.00936,1.00929,1.00897,1.00652,1.00883,1.00575,1.00557,1.00875,0.994652,0,0,0
FCFS,22,1000,5000,4,0.0079316,0.990617,24651588,0.932412,0.785554,0.807869,0.843358,0.883327,0.906791,0.951864,0.984064,0.999515,1.00538,1.0068,1.00921,1.0094,1.00911,1.00932,1.00925,1.00886,1.00618,1.00865,1.00556,1.00517,1.00866,1.00393,0.998025,0,0
FCFS,23,1000,5000,2,0.00793607,0.991175,24996908,0.935658,0.790536,0.81924,0.845613,0.879335,0.911994,0.947739,0.973768,0.993398,1.00686,1.00692,1.00923,1.0094,1.00911,1.00933,1.00924,1.0089,1.00635,1.00876,1.00574,1.00546,1.00872,1.00419,1.00819,0.995808,0
FCFS,24,1000,5000,3,0.00793573,0.991133,24934579,0.934694,0.788695,0.818441,0.843413,0.873221,0.904944,0.94724,0.981458,0.991706,1.00735,1.00756,1.00916,1.00937,1.00907,1.00929,1.00923,1.00888,1.00633,1.00865,1.0056,1.00527,1.00876,1.00446,1.00837,1.00622,0.996988
PRIO,0,5000,5000,4,0.000806667,0.1,0,0,0,0,0,0,0,0,0,0,0,0,0,0,0,0,0,0,0,0,0,0,0,0,0,0,0
PRIO,1,5000,5000,3,0.00140647,0.174975,5550,0,0,0,0,0,0,0,0,0,0,0,0,0,0,0,0,0,0,0,0,0,0,0,0,0,0
PRIO,2,5000,5000,2,0.00180567,0.224875,12690,0,0,0,0,0,0,0,0,0,0,0,0,0,0,0,0,0,0,0,0,0,0,0,0,0,0
PRIO,3,5000,5000,4,0.002601,0.324292,21141,0,0,0,0,0,0,0,0,0,0,0,0,0,0,0,0,0,0,0,0,0,0,0,0,0,0
PRIO,4,5000,5000,2,0.00299913,0.374058,31627,0,0,0,0,0,0,0,0,0,0,0,0,0,0,0,0,0,0,0,0,0,0,0,0,0,0
PRIO,5,5000,5000,4,0.00378267,0.472,42216,0,0,0,0,0,0,0,0,0,0,0,0,0,0,0,0,0,0,0,0,0,0,0,0,0,0
PRIO,6,5000,5000,3,0.0043624,0.544467,68342,0,0,0,0,0,0,0,0,0,0,0,0,0,0,0,0,0,0,0,0,0,0,0,0,0,0
PRIO,7,5000,5000,1,0.00455093,0.568033,85115,0,0,0,0,0,0,0,0,0,0,0,0,0,0,0,0,0,0,0,0,0,0,0,0,0,0
PRIO,8,5000,5000,2,0.0049354,0.616092,105955,0,0,0,0,0,0,0,0,0,0,0,0,0,0,0,0,0,0,0,0,0,0,0,0,0,0
PRIO,9,5000,5000,2,0.00531813,0.663933,138688,0,0,0,0,0,0,0,0,0,0,0,0,0,0,0,0,0,0,0,0,0,0,0,0,0,0
PRIO,10,5000,5000,3,0.00589007,0.735425,187034,0,0,0,0,0,0,0,0,0,0,0,0,0,0,0,0,0,0,0,0,0,0,0,0,0,0
PRIO,11,5000,5000,4,0.0066326,0.828242,267312,0,0,0,0,0,0,0,0,0,0,0,0,0,0,0,0,0,0,0,0,0,0,0,0,0,0
PRIO,12,5000,5000,3,0.00715693,0.893783,470552,0.000969472,0,0,0,0,0,0,0,0,0.00341736,0,0,0,0.00163488,0,0,0,0,0,0,0,0,0,0,0,0
PRIO,13,5000,5000,4,0.0075416,0.941867,1788494,0.418008,0.108679,0.135405,0.102983,0.127867,0.107007,0.131848,0.121653,0.768575,0.803008,0.811641,0.815088,0.793053,0.82094,0.847497,0,0,0,0,0,0,0,0,0,0,0
PRIO,14,5000,5000,4,0.007625,0.952292,3410586,0.533668,0.232929,0.217896,0.201806,0.219051,0.231695,0.227631,0.249612,0.876536,0.883233,0.888245,0.892645,0.905331,0.915301,0.925326,0.93658,0,0,0,0,0,0,0,0,0,0
PRIO,15,5000,5000,3,0.00764953,0.955358,4272104,0.586414,0.310136,0.307611,0.308234,0.334762,0.343758,0.321452,0.312606,0.310205,0.881029,0.895469,0.902953,0.906886,0.917959,0.926727,0.941774,0.949726,0,0,0,0,0,0,0,0,0
PRIO,16,5000,5000,1,0.00767107,0.95805,4976423,0.600021,0.309745,0.31795,0.315175,0.31649,0.335672,0.32312,0.318402,0.335197,0.877907,0.894304,0.897334,0.919266,0.919962,0.942589,0.95504,0.969501,0.95503,0,0,0,0,0,0,0,0
PRIO,17,5000,5000,3,0.00766133,0.956833,5753521,0.639981,0.391123,0.399971,0.414685,0.395572,0.398149,0.414135,0.408973,0.414484,0.413854,0.894126,0.901967,0.915838,0.92113,0.928831,0.947801,0.96152,0.969233,0.971408,0,0,0,0,0,0,0
PRIO,18,5000,5000,1,0.00767267,0.95825,6160256,0.633851,0.346172,0.383807,0.395159,0.40046,0.359439,0.370703,0.404437,0.399048,0.382379,0.896576,0.911885,0.919662,0.924506,0.933065,0.938177,0.951035,0.980874,0.992943,0.972089,0,0,0,0,0,0
PRIO,19,5000,5000,1,0.0076604,0.956717,6482692,0.625523,0.383226,0.409804,0.41436,0.395936,0.42842,0.429573,0.420142,0.42027,0.40808,0.444556,0.895738,0.923414,0.931497,0.929718,0.938639,0.966589,0.969163,0.984034,0.976176,0.974127,0,0,0,0,0
PRIO,20,5000,5000,4,0.00768473,0.959758,7466270,0.661821,0.432371,0.420509,0.429133,0.458895,0.480878,0.465288,0.477401,0.43647,0.456823,0.468201,0.895624,0.902414,0.916967,0.923521,0.945883,0.959344,0.963781,0.972958,0.972908,0.985362,0.991624,0,0,0,0
PRIO,21,5000,5000,1,0.00768273,0.959508,7895709,0.657881,0.434646,0.477188,0.479277,0.476896,0.481158,0.479988,0.494618,0.458542,0.470424,0.476165,0.497417,0.898665,0.924627,0.934737,0.947267,0.96959,0.970708,0.979057,0.98223,0.990949,0.995378,0.987618,0,0,0
PRIO,22,5000,5000,4,0.0077034,0.962092,8589260,0.703242,0.494886,0.485293,0.49192,0.49022,0.497007,0.506113,0.508563,0.524292,0.528526,0.526755,0.538495,0.910433,0.923333,0.934679,0.952002,0.965957,0.96971,0.973019,0.981465,0.988523,1.00549,1.0049,0.998682,0,0
PRIO,23,5000,5000,2,0.0076582,0.956442,8816615,0.707247,0.528143,0.536793,0.554745,0.54871,0.546441,0.532464,0.574806,0.563858,0.594129,0.556366,0.572421,0.610749,0.914136,0.931677,0.943756,0.956783,0.965301,0.970976,0.982256,0.98637,1.00503,0.995898,1.00702,0.994564,0
PRIO,24,5000,5000,3,0.0076872,0.960067,8963670,0.689891,0.484969,0.51103,0.534556,0.522028,0.506073,0.5179,0.523919,0.548116,0.559318,0.546331,0.536568,0.574321,0.897174,0.913265,0.938296,0.962056,0.950974,0.970203,0.969654,0.983344,0.999212,0.993344,1.00497,1.00475,0.99668
PRIO,0,5000,4000,4,0.000806667,0.1,0,0,0,0,0,0,0,0,0,0,0,0,0,0,0,0,0,0,0,0,0,0,0,0,0,0,0
PRIO,1,5000,4000,3,0.00140647,0.174975,5850,0,0,0,0,0,0,0,0,0,0,0,0,0,0,0,0,0,0,0,0,0,0,0,0,0,0
PRIO,2,5000,4000,2,0.0018056,0.224867,11911,0,0,0,0,0,0,0,0,0,0,0,0,0,0,0,0,0,0,0,0,0,0,0,0,0,0
PRIO,3,5000,4000,4,0.0026024,0.324467,19148,0,0,0,0,0,0,0,0,0,0,0,0,0,0,0,0,0,0,0,0,0,0,0,0,0,0
PRIO,4,5000,4000,2,0.00299527,0.373575,28563,0,0,0,0,0,0,0,0,0,0,0,0,0,0,0,0,0,0,0,0,0,0,0,0,0,0
PRIO,5,5000,4000,4,0.0037778,0.471392,43753,0,0,0,0,0,0,0,0,0,0,0,0,0,0,0,0,0,0,0,0,0,0,0,0,0,0
PRIO,6,5000,4000,3,0.00436007,0.544175,63151,0,0,0,0,0,0,0,0,0,0,0,0,0,0,0,0,0,0,0,0,0,0,0,0,0,0
PRIO,7,5000,4000,1,0.00455807,0.568925,94749,0,0,0,0,0,0,0,0,0,0,0,0,0,0,0,0,0,0,0,0,0,0,0,0,0,0
PRIO,8,5000,4000,2,0.00494227,0.61695,101033,0,0,0,0,0,0,0,0,0,0,0,0,0,0,0,0,0,0,0,0,0,0,0,0,0,0
PRIO,9,5000,4000,2,0.0053216,0.664367,130779,0,0,0,0,0,0,0,0,0,0,0,0,0,0,0,0,0,0,0,0,0,0,0,0,0,0
PRIO,10,5000,4000,3,0.00589187,0.73565,175176,0,0,0,0,0,0,0,0,0,0,0,0,0,0,0,0,0,0,0,0,0,0,0,0,0,0
PRIO,11,5000,4000,4,0.00662553,0.827358,265275,0.000791878,0,0,0,0,0,0,0,0,0,0,0.00365565,0,0,0,0,0,0,0,0,0,0,0,0,0,0
PRIO,12,5000,4000,3,0.0071738,0.895892,469185,0.006706,0,0,0,0,0,0,0.0565079,0.0291534,0.00229645,0.00340728,0.00178227,0.0387041,0.0133743,0,0,0,0,0,0,0,0,0,0,0,0
PRIO,13,5000,4000,4,0.00755413,0.943433,1795596,0.450663,0.144815,0.133812,0.142048,0.115225,0.126299,0.148149,0.119564,0.836914,0.849167,0.856805,0.857523,0.86911,0.88784,0.91428,0,0,0,0,0,0,0,0,0,0,0
PRIO,14,5000,4000,4,0.00760627,0.94995,3377349,0.558018,0.234177,0.236152,0.249747,0.248799,0.26806,0.242911,0.247166,0.889285,0.906264,0.917654,0.916377,0.928462,0.94271,0.956952,0.955505,0,0,0,0,0,0,0,0,0,0
PRIO,15,5000,4000,3,0.00765733,0.956333,4259378,0.598674,0.339939,0.321583,0.340609,0.321734,0.324551,0.31302,0.349208,0.368384,0.907735,0.913251,0.925741,0.933925,0.946268,0.952551,0.966401,0.97537,0,0,0,0,0,0,0,0,0
PRIO,16,5000,4000,1,0.00765847,0.956475,4883684,0.615577,0.343006,0.370793,0.327617,0.353148,0.335354,0.329106,0.349814,0.366965,0.902299,0.915007,0.927177,0.937666,0.94147,0.953376,0.969549,0.98058,0.982366,0,0,0,0,0,0,0,0
PRIO,17,5000,4000,3,0.0076606,0.956742,5791175,0.678746,0.438267,0.481071,0.467763,0.428456,0.460751,0.463273,0.478124,0.459695,0.443042,0.916101,0.928189,0.941268,0.949083,0.960273,0.969722,0.981047,0.990819,0.988967,0,0,0,0,0,0,0
PRIO,18,5000,4000,1,0.00768327,0.959575,6197625,0.658747,0.390052,0.419466,0.435818,0.442988,0.431775,0.420006,0.427901,0.425823,0.440031,0.912149,0.926552,0.942157,0.951789,0.95205,0.970974,0.983639,0.990534,0.998881,0.984889,0,0,0,0,0,0
PRIO,19,5000,4000,1,0.00768267,0.9595,6548753,0.655878,0.434755,0.462498,0.445889,0.418806,0.452193,0.44402,0.448101,0.430688,0.438267,0.451224,0.929844,0.940083,0.953507,0.963546,0.977077,0.990673,0.99124,0.998694,1.00005,0.989187,0,0,0,0,0
PRIO,20,5000,4000,4,0.0076894,0.960342,7551921,0.687298,0.494359,0.4635,0.471192,0.476798,0.4695,0.485247,0.498859,0.491157,0.481409,0.51035,0.920678,0.932211,0.938976,0.953034,0.973634,0.982773,0.991105,0.990085,0.988215,0.995944,0.994484,0,0,0,0
PRIO,21,5000,4000,1,0.0076786,0.958992,7816410,0.688537,0.484982,0.488436,0.508875,0.498513,0.501467,0.538537,0.550823,0.522887,0.5141,0.520506,0.54272,0.913464,0.941284,0.953847,0.960462,0.984098,0.982048,0.994579,0.989987,1.00017,1.00881,0.992824,0,0,0
PRIO,22,5000,4000,4,0.00768187,0.9594,8524457,0.715178,0.494928,0.524053,0.509651,0.54402,0.537782,0.530291,0.523978,0.545653,0.539452,0.542849,0.571879,0.919839,0.93247,0.949977,0.970321,0.984785,0.990628,0.994204,0.992388,0.996186,1.00806,1.00559,0.999026,0,0
PRIO,23,5000,4000,2,0.00768827,0.9602,8826198,0.723806,0.574053,0.58149,0.583788,0.575083,0.566393,0.595632,0.570929,0.598879,0.623064,0.580914,0.615652,0.610603,0.922292,0.938154,0.953651,0.96473,0.975541,0.993048,0.993382,0.998705,1.00607,1.00365,1.00702,0.997705,0
PRIO,24,5000,4000,3,0.00768913,0.960308,9021061,0.718862,0.537707,0.558775,0.532297,0.549342,0.538607,0.529844,0.539782,0.572381,0.589716,0.571692,0.602118,0.592011,0.924857,0.948767,0.96002,0.97067,0.984386,0.988236,0.986658,0.994992,1.00667,1.00568,1.00876,1.0056,0.996878
PRIO,0,5000,3000,4,0.000806667,0.1,0,0,0,0,0,0,0,0,0,0,0,0,0,0,0,0,0,0,0,0,0,0,0,0,0,0,0
PRIO,1,5000,3000,3,0.00140667,0.175,4800,0,0,0,0,0,0,0,0,0,0,0,0,0,0,0,0,0,0,0,0,0,0,0,0,0,0
PRIO,2,5000,3000,2,0.00180507,0.2248,15762,0,0,0,0,0,0,0,0,0,0,0,0,0,0,0,0,0,0,0,0,0,0,0,0,0,0
PRIO,3,5000,3000,4,0.00260187,0.3244,16590,0,0,0,0,0,0,0,0,0,0,0,0,0,0,0,0,0,0,0,0,0,0,0,0,0,0
PRIO,4,5000,3000,2,0.00299533,0.373583,28196,0,0,0,0,0,0,0,0,0,0,0,0,0,0,0,0,0,0,0,0,0,0,0,0,0,0
PRIO,5,5000,3000,4,0.00378587,0.4724,45755,0,0,0,0,0,0,0,0,0,0,0,0,0,0,0,0,0,0,0,0,0,0,0,0,0,0
PRIO,6,5000,3000,3,0.00436207,0.544425,67968,0,0,0,0,0,0,0,0,0,0,0,0,0,0,0,0,0,0,0,0,0,0,0,0,0,0
PRIO,7,5000,3000,1,0.00455733,0.568833,85798,0,0,0,0,0,0,0,0,0,0,0,0,0,0,0,0,0,0,0,0,0,0,0,0,0,0
PRIO,8,5000,3000,2,0.00493953,0.616608,109853,0,0,0,0,0,0,0,0,0,0,0,0,0,0,0,0,0,0,0,0,0,0,0,0,0,0
PRIO,9,5000,3000,2,0.0053132,0.663317,129793,0,0,0,0,0,0,0,0,0,0,0,0,0,0,0,0,0,0,0,0,0,0,0,0,0,0
PRIO,10,5000,3000,3,0.0058864,0.734967,183467,0.000971098,0,0,0,0,0,0,0.0068113,0,0,0,0,0,0,0,0,0,0,0,0,0,0,0,0,0,0
PRIO,11,5000,3000,4,0.00662847,0.827725,269302,0.0131324,0,0,0,0,0,0,0.0183924,0.00672528,0,0.00584428,0.0306432,0.121902,0,0,0,0,0,0,0,0,0,0,0,0,0
PRIO,12,5000,3000,3,0.00718427,0.8972,478036,0.082582,0,0.0291349,0.000603394,0.000423115,0,0.0352312,0.125216,0.133505,0.0921228,0.111129,0.173763,0.179631,0.292269,0,0,0,0,0,0,0,0,0,0,0,0
PRIO,13,5000,3000,4,0.0075578,0.943892,1792876,0.498473,0.19741,0.168798,0.144424,0.175595,0.16689,0.19544,0.175398,0.892411,0.894944,0.906108,0.915897,0.927673,0.94871,0.961576,0,0,0,0,0,0,0,0,0,0,0
PRIO,14,5000,3000,4,0.00763,0.952917,3398588,0.596684,0.246448,0.263077,0.278657,0.275528,0.269061,0.2911,0.319189,0.918109,0.928233,0.935462,0.94947,0.95679,0.96553,0.973304,0.980693,0,0,0,0,0,0,0,0,0,0
PRIO,15,5000,3000,3,0.00764713,0.955058,4222015,0.622636,0.347813,0.330193,0.358574,0.349331,0.35314,0.34786,0.327734,0.32557,0.919657,0.932842,0.939278,0.957432,0.962712,0.975787,0.99316,0.985072,0,0,0,0,0,0,0,0,0
PRIO,16,5000,3000,1,0.0076556,0.956117,4939372,0.64406,0.362267,0.374323,0.381049,0.397673,0.389859,0.370596,0.374132,0.400888,0.922293,0.938257,0.945309,0.958925,0.969534,0.983043,0.993126,1.00176,0.99209,0,0,0,0,0,0,0,0
PRIO,17,5000,3000,3,0.00765433,0.955958,5748775,0.689154,0.446158,0.448474,0.448234,0.467965,0.481705,0.461011,0.464693,0.492308,0.476387,0.934869,0.94317,0.95605,0.966303,0.976763,0.997598,1.00221,0.999941,0.99559,0,0,0,0,0,0,0
PRIO,18,5000,3000,1,0.00767,0.957917,6133158,0.680723,0.407047,0.451384,0.459163,0.470646,0.448015,0.442537,0.441793,0.46355,0.477535,0.936829,0.945687,0.951428,0.966174,0.979938,0.989802,1.00124,0.999293,1.00798,0.996805,0,0,0,0,0,0
PRIO,19,5000,3000,1,0.0076772,0.958817,6560760,0.68137,0.482851,0.490988,0.468812,0.459026,0.485967,0.476569,0.491334,0.495175,0.485752,0.510876,0.929306,0.95241,0.970284,0.975671,0.987839,1.00054,1.00087,1.00681,1.00263,0.992864,0,0,0,0,0
PRIO,20,5000,3000,4,0.00767907,0.95905,7447863,0.698598,0.463457,0.441471,0.491279,0.489174,0.468192,0.484003,0.492518,0.49063,0.473469,0.48689,0.929869,0.940226,0.965963,0.973446,0.992811,0.99292,1.00046,1.00762,1.00395,1.00606,0.997672,0,0,0,0
PRIO,21,5000,3000,1,0.0076678,0.957642,7775167,0.716681,0.516928,0.533679,0.560416,0.545484,0.53292,0.537202,0.547547,0.562448,0.59105,0.55912,0.582052,0.948234,0.956531,0.980543,0.987575,0.997215,0.998592,1.00646,1.00121,0.999322,1.00911,0.994437,0,0,0
PRIO,22,5000,3000,4,0.00767967,0.959125,8486360,0.735586,0.536286,0.529921,0.525111,0.547839,0.553145,0.587648,0.568082,0.555237,0.557323,0.575786,0.576945,0.941788,0.961924,0.960554,0.984161,0.993534,0.991836,1.00046,0.999616,1.00582,1.00922,1.00638,0.998273,0,0
PRIO,23,5000,3000,2,0.00767747,0.95885,8869406,0.747761,0.579075,0.572113,0.593899,0.606318,0.606319,0.61477,0.618647,0.611914,0.619809,0.618329,0.622959,0.65804,0.942042,0.961833,0.978559,0.991693,0.993354,1.00383,0.991165,1.00251,1.00915,1.0062,1.00903,0.997837,0
PRIO,24,5000,3000,3,0.00768533,0.959833,8885109,0.733743,0.56527,0.568863,0.569893,0.569024,0.585048,0.589222,0.614221,0.599479,0.581651,0.61032,0.603875,0.617576,0.949327,0.970306,0.984747,0.987671,0.992098,1.00462,1.00082,0.999786,1.00832,1.00564,1.00895,1.00787,0.998411
PRIO,0,5000,2000,4,0.000806667,0.1,0,0,0,0,0,0,0,0,0,0,0,0,0,0,0,0,0,0,0,0,0,0,0,0,0,0,0
PRIO,1,5000,2000,3,0.00140627,0.17495,6553,0,0,0,0,0,0,0,0,0,0,0,0,0,0,0,0,0,0,0,0,0,0,0,0,0,0
PRIO,2,5000,2000,2,0.0018052,0.224817,13068,0,0,0,0,0,0,0,0,0,0,0,0,0,0,0,0,0,0,0,0,0,0,0,0,0,0
PRIO,3,5000,2000,4,0.0026024,0.324467,17438,0,0,0,0,0,0,0,0,0,0,0,0,0,0,0,0,0,0,0,0,0,0,0,0,0,0
PRIO,4,5000,2000,2,0.00299393,0.373408,27453,0,0,0,0,0,0,0,0,0,0,0,0,0,0,0,0,0,0,0,0,0,0,0,0,0,0
PRIO,5,5000,2000,4,0.003773,0.470792,44148,0,0,0,0,0,0,0,0,0,0,0,0,0,0,0,0,0,0,0,0,0,0,0,0,0,0
PRIO,6,5000,2000,3,0.00436233,0.544458,60667,0.00706386,0,0,0,0,0,0.00604564,0.0196042,0,0,0,0,0,0,0,0,0,0,0,0,0,0,0,0,0,0
PRIO,7,5000,2000,1,0.00455467,0.5685,80453,0.00595198,0,0,0,0,0,6.04564e-05,0.0278319,0.0187287,0,0,0,0,0,0,0,0,0,0,0,0,0,0,0,0,0
PRIO,8,5000,2000,2,0.00493493,0.616033,106721,0.00856525,0,0,0,0,0.000581857,0.00136958,0.026823,0.000187287,0.019061,0,0,0,0,0,0,0,0,0,0,0,0,0,0,0,0
PRIO,9,5000,2000,2,0.00532493,0.664783,140519,0.0214691,0,0.0135588,0.00385561,0,5.81857e-06,0.00764208,0.0624008,0.0410916,0.036555,0.035161,0,0,0,0,0,0,0,0,0,0,0,0,0,0,0
PRIO,10,5000,2000,3,0.00589313,0.735808,174530,0.0326348,0,0.000135588,3.85561e-05,0.00112582,0.00113064,0.0264881,0.0679998,0.0390211,0.0476861,0.0785373,0.131509,0,0,0,0,0,0,0,0,0,0,0,0,0,0
PRIO,11,5000,2000,4,0.00662473,0.827258,274931,0.107872,0.00207086,0.00870523,0.00472995,0.0385838,1.13064e-05,0.0479461,0.177346,0.305356,0.278763,0.13157,0.163955,0.338324,0,0,0,0,0,0,0,0,0,0,0,0,0
PRIO,12,5000,2000,3,0.00716207,0.894425,469819,0.317451,0.00849894,0.0294258,0.0474287,0.0667485,0.0498928,0.0705892,0.576087,0.661897,0.538565,0.524868,0.55721,0.679307,0.722681,0,0,0,0,0,0,0,0,0,0,0,0
PRIO,13,5000,2000,4,0.00757447,0.945975,1798064,0.533877,0.192268,0.207437,0.216658,0.237528,0.238969,0.261873,0.207775,0.940446,0.948331,0.953318,0.964702,0.979906,0.984216,0.990218,0,0,0,0,0,0,0,0,0,0,0
PRIO,14,5000,2000,4,0.00763793,0.953908,3382226,0.630996,0.37652,0.380895,0.321847,0.326528,0.299597,0.358071,0.363105,0.947317,0.953592,0.959435,0.966861,0.976526,0.990708,0.997198,0.995258,0,0,0,0,0,0,0,0,0,0
PRIO,15,5000,2000,3,0.00765107,0.95555,4265752,0.662639,0.387701,0.4124,0.417551,0.432243,0.427723,0.425216,0.425875,0.414533,0.939201,0.949507,0.963807,0.977648,0.984786,0.995348,1.00714,0.996111,0,0,0,0,0,0,0,0,0
PRIO,16,5000,2000,1,0.00766333,0.957083,4947907,0.68044,0.403595,0.419512,0.439752,0.448735,0.410198,0.421702,0.441655,0.406349,0.943866,0.952279,0.966857,0.981153,0.991461,1.00109,1.00623,1.00869,0.996688,0,0,0,0,0,0,0,0
PRIO,17,5000,2000,3,0.00767,0.957917,5788571,0.727379,0.500006,0.511606,0.50018,0.538311,0.514544,0.534847,0.544424,0.535065,0.559589,0.956489,0.961504,0.982467,0.983507,0.99515,1.00012,1.00885,1.00569,0.998942,0,0,0,0,0,0,0
PRIO,18,5000,2000,1,0.00768087,0.959275,6197075,0.717288,0.492484,0.501188,0.511627,0.495983,0.504309,0.514564,0.492812,0.505674,0.504985,0.945769,0.960273,0.977126,0.981854,0.997391,1.00647,1.00749,1.00587,1.00845,0.997144,0,0,0,0,0,0
PRIO,19,5000,2000,1,0.00765267,0.95575,6488260,0.719556,0.516577,0.544155,0.542912,0.567906,0.53452,0.539971,0.573175,0.54534,0.559636,0.575675,0.957859,0.968861,0.987203,0.996111,1.00867,1.00545,1.00649,1.00904,1.00694,0.996998,0,0,0,0,0
PRIO,20,5000,2000,4,0.0076936,0.960867,7462794,0.739936,0.53411,0.531065,0.532565,0.555731,0.539953,0.543341,0.579487,0.536792,0.578648,0.553713,0.955841,0.967508,0.984494,0.997862,0.99916,1.00832,1.00563,1.00905,1.00686,1.00658,0.999184,0,0,0,0
PRIO,21,5000,2000,1,0.0076752,0.958567,7878316,0.74891,0.549473,0.584968,0.587666,0.573632,0.599967,0.58066,0.603247,0.605663,0.60046,0.609879,0.609713,0.966819,0.988223,1.00222,1.00259,1.00601,1.00551,1.00873,1.00651,1.0064,1.0091,0.996341,0,0,0
PRIO,22,5000,2000,4,0.00769227,0.9607,8482612,0.775687,0.602007,0.610587,0.602461,0.620653,0.605336,0.629415,0.645792,0.64652,0.654254,0.633988,0.645121,0.967682,0.974035,0.99004,1.00042,1.00653,1.0043,1.00893,1.0067,1.00632,1.00917,1.00644,0.999053,0,0
PRIO,23,5000,2000,2,0.00767793,0.958908,8868889,0.799615,0.635356,0.665473,0.651416,0.6563,0.646722,0.706287,0.685509,0.693584,0.677212,0.691401,0.723242,0.739318,0.984142,0.993304,1.00379,1.00478,1.00116,1.00859,1.00638,1.00652,1.00913,1.00607,1.00904,0.998053,0
PRIO,24,5000,2000,3,0.00766907,0.9578,9000107,0.781039,0.628079,0.633784,0.657334,0.67316,0.651299,0.665001,0.659695,0.658977,0.6654,0.653031,0.687222,0.737054,0.975033,0.999174,1.00223,1.00776,1.00482,1.00876,1.00638,1.00606,1.00912,1.00623,1.00902,1.00801,0.998527
PRIO,0,5000,1000,4,0.000806667,0.1,0,0,0,0,0,0,0,0,0,0,0,0,0,0,0,0,0,0,0,0,0,0,0,0,0,0,0
PRIO,1,5000,1000,3,0.00140667,0.175,6600,0,0,0,0,0,0,0,0,0,0,0,0,0,0,0,0,0,0,0,0,0,0,0,0,0,0
PRIO,2,5000,1000,2,0.00180493,0.224783,14090,0.0221402,0,0,0.113648,0,0,0,0,0,0,0,0,0,0,0,0,0,0,0,0,0,0,0,0,0,0
PRIO,3,5000,1000,4,0.00260013,0.324183,20162,0.0787629,0,0.0447962,0.131265,0.193561,0,0,0,0,0,0,0,0,0,0,0,0,0,0,0,0,0,0,0,0,0
PRIO,4,5000,1000,2,0.0029948,0.373517,30218,0.0777656,0,0.000447962,0.0770447,0.138991,0.20588,0,0,0,0,0,0,0,0,0,0,0,0,0,0,0,0,0,0,0,0
PRIO,5,5000,1000,4,0.00377627,0.4712,43149,0.123754,0.00760244,0.0824508,0.0870579,0.126787,0.0622278,0.31847,0,0,0,0,0,0,0,0,0,0,0,0,0,0,0,0,0,0,0
PRIO,6,5000,1000,3,0.00436273,0.544508,67747,0.174509,7.60244e-05,0.0633869,0.0749004,0.163025,0.176395,0.295809,0.45915,0,0,0,0,0,0,0,0,0,0,0,0,0,0,0,0,0,0
PRIO,7,5000,1000,1,0.00455627,0.5687,85034,0.158868,7.60244e-07,0.0522443,0.0976364,0.0830756,0.132115,0.282527,0.28931,0.216566,0,0,0,0,0,0,0,0,0,0,0,0,0,0,0,0,0
PRIO,8,5000,1000,2,0.0049458,0.617392,110525,0.19255,7.60244e-09,0.0558252,0.0780866,0.125141,0.180734,0.268513,0.451632,0.303201,0.408741,0,0,0,0,0,0,0,0,0,0,0,0,0,0,0,0
PRIO,9,5000,1000,2,0.005324,0.664667,130361,0.205683,0.0349068,0.013896,0.100824,0.125447,0.0903222,0.309773,0.470044,0.318584,0.355591,0.4055,0,0,0,0,0,0,0,0,0,0,0,0,0,0,0
PRIO,10,5000,1000,3,0.00588833,0.735208,181355,0.314973,0.0125948,0.0655461,0.158153,0.16047,0.142095,0.44137,0.684579,0.397868,0.487271,0.593276,0.647163,0,0,0,0,0,0,0,0,0,0,0,0,0,0
PRIO,11,5000,1000,4,0.00662847,0.827725,262119,0.398829,0.0433509,0.183733,0.102504,0.101881,0.147135,0.211137,0.85335,0.729495,0.562702,0.696564,0.692325,0.870539,0,0,0,0,0,0,0,0,0,0,0,0,0
PRIO,12,5000,1000,3,0.0071602,0.894192,455959,0.58188,0.107407,0.166048,0.227577,0.31215,0.400479,0.483449,0.963452,0.927748,0.876807,0.889984,0.956517,1.00486,0.970406,0,0,0,0,0,0,0,0,0,0,0,0
PRIO,13,5000,1000,4,0.0075608,0.944267,1797713,0.679909,0.407625,0.449759,0.417911,0.458692,0.363177,0.504424,0.47232,0.976693,0.980597,0.982805,0.995027,1.00581,1.00803,0.999491,0,0,0,0,0,0,0,0,0,0,0
PRIO,14,5000,1000,4,0.007635,0.953542,3410342,0.748967,0.537633,0.536394,0.481121,0.557675,0.448545,0.5768,0.55271,0.978971,0.986178,0.983577,0.991309,1.0043,1.00548,1.00843,0.999432,0,0,0,0,0,0,0,0,0,0
PRIO,15,5000,1000,3,0.00767193,0.958158,4303964,0.777695,0.578904,0.605141,0.570903,0.617234,0.597572,0.64264,0.646953,0.576237,0.983145,0.987581,0.990072,1.00392,1.00813,1.00895,1.00935,0.999147,0,0,0,0,0,0,0,0,0
PRIO,16,5000,1000,1,0.00764613,0.954933,4875963,0.773242,0.571891,0.581459,0.530833,0.597426,0.492938,0.618065,0.619215,0.555911,0.974383,0.975494,0.985261,1.00454,1.00847,1.00941,1.00942,1.0091,0.997329,0,0,0,0,0,0,0,0
PRIO,17,5000,1000,3,0.00767307,0.9583,5752885,0.812509,0.643129,0.647188,0.620097,0.713721,0.635203,0.722572,0.692556,0.59072,0.601645,0.979532,0.992578,1.00126,1.00679,1.00832,1.0094,1.00917,1.00738,0.999106,0,0,0,0,0,0,0
PRIO,18,5000,1000,1,0.00765613,0.956183,6117469,0.806997,0.650754,0.632595,0.607262,0.680334,0.603369,0.680027,0.689531,0.594641,0.61095,0.980612,0.987539,1.00324,1.00571,1.00938,1.0094,1.00916,1.00714,1.00901,0.997215,0,0,0,0,0,0
PRIO,19,5000,1000,1,0.0076628,0.957017,6446340,0.807193,0.66141,0.686454,0.6415,0.680473,0.61984,0.742807,0.719655,0.648209,0.681685,0.654353,0.981604,0.999916,1.00593,1.00939,1.00933,1.0091,1.00716,1.009,1.00678,0.996774,0,0,0,0,0
PRIO,20,5000,1000,4,0.00768553,0.959858,7477310,0.812303,0.629705,0.680543,0.623396,0.703209,0.6262,0.700751,0.677522,0.626154,0.687318,0.674948,0.982283,1.00245,1.00801,1.00928,1.00935,1.00907,1.00704,1.00904,1.00685,1.00674,0.999192,0,0,0,0
PRIO,21,5000,1000,1,0.00770027,0.9617,7962279,0.836624,0.712512,0.736968,0.701433,0.756621,0.708805,0.770957,0.745462,0.69677,0.69713,0.696102,0.786437,1.00478,1.00753,1.00878,1.00929,1.00902,1.00671,1.009,1.00687,1.00697,1.00912,0.996596,0,0,0
PRIO,22,5000,1000,4,0.00768667,0.96,8536803,0.864065,0.733519,0.733047,0.725554,0.821022,0.763009,0.802747,0.758027,0.710487,0.77072,0.787924,0.830112,0.997517,1.0076,1.00871,1.00926,1.00901,1.00685,1.00893,1.00681,1.00656,1.00923,1.00642,0.999139,0,0
PRIO,23,5000,1000,2,0.00768553,0.959858,8778298,0.873589,0.745363,0.777428,0.753119,0.810429,0.781378,0.832247,0.803319,0.764833,0.804146,0.773082,0.813686,0.880494,1.00822,1.00918,1.00922,1.00893,1.00646,1.00888,1.00638,1.00613,1.00915,1.00627,1.00893,0.998038,0
PRIO,24,5000,1000,3,0.00768127,0.959325,8997286,0.869138,0.759271,0.759345,0.76189,0.801293,0.760203,0.837284,0.831885,0.787183,0.792186,0.792507,0.817756,0.889023,1.00451,1.00915,1.00918,1.00882,1.00625,1.00882,1.00652,1.0061,1.00912,1.00605,1.00904,1.00794,0.998623
PRIO,0,4000,5000,4,0.00100658,0.125,0,0,0,0,0,0,0,0,0,0,0,0,0,0,0,0,0,0,0,0,0,0,0,0,0,0,0
PRIO,1,4000,5000,3,0.0017574,0.218851,7738,0,0,0,0,0,0,0,0,0,0,0,0,0,0,0,0,0,0,0,0,0,0,0,0,0,0
PRIO,2,4000,5000,2,0.00226005,0.281679,15718,0,0,0,0,0,0,0,0,0,0,0,0,0,0,0,0,0,0,0,0,0,0,0,0,0,0
PRIO,3,4000,5000,4,0.00325545,0.406101,27933,0,0,0,0,0,0,0,0,0,0,0,0,0,0,0,0,0,0,0,0,0,0,0,0,0,0
PRIO,4,4000,5000,2,0.00374917,0.467815,45264,0,0,0,0,0,0,0,0,0,0,0,0,0,0,0,0,0,0,0,0,0,0,0,0,0,0
PRIO,5,4000,5000,4,0.00473244,0.590722,75012,0,0,0,0,0,0,0,0,0,0,0,0,0,0,0,0,0,0,0,0,0,0,0,0,0,0
PRIO,6,4000,5000,3,0.00545565,0.681124,111832,0,0,0,0,0,0,0,0,0,0,0,0,0,0,0,0,0,0,0,0,0,0,0,0,0,0
PRIO,7,4000,5000,1,0.00569294,0.710785,140110,0,0,0,0,0,0,0,0,0,0,0,0,0,0,0,0,0,0,0,0,0,0,0,0,0,0
PRIO,8,4000,5000,2,0.00616808,0.770177,187111,0,0,0,0,0,0,0,0,0,0,0,0,0,0,0,0,0,0,0,0,0,0,0,0,0,0
PRIO,9,4000,5000,2,0.00662979,0.827892,251678,0,0,0,0,0,0,0,0,0,0,0,0,0,0,0,0,0,0,0,0,0,0,0,0,0,0
PRIO,10,4000,5000,3,0.00730205,0.911924,512782,0,0,0,0,0,0,0,0,0,0,0,0,0,0,0,0,0,0,0,0,0,0,0,0,0,0
PRIO,11,4000,5000,4,0.00768953,0.960359,2559195,0.450851,0.210876,0.186661,0.180975,0.184796,0.19781,0.18573,0.851516,0.860307,0.85738,0.865576,0.875877,0.899544,0,0,0,0,0,0,0,0,0,0,0,0,0
PRIO,12,4000,5000,3,0.00769846,0.961474,4039802,0.538627,0.253217,0.251497,0.276825,0.284515,0.265855,0.257573,0.893423,0.889203,0.89665,0.900462,0.916875,0.931696,0.934882,0,0,0,0,0,0,0,0,0,0,0,0
PRIO,13,4000,5000,4,0.00771919,0.964065,5778156,0.621906,0.391502,0.407106,0.387385,0.397799,0.403957,0.390769,0.399463,0.903311,0.921237,0.924701,0.93704,0.948815,0.955004,0.959753,0,0,0,0,0,0,0,0,0,0,0
PRIO,14,4000,5000,4,0.00772887,0.965276,6667971,0.631573,0.40654,0.392536,0.3987,0.407592,0.436913,0.43256,0.416854,0.888724,0.912111,0.922897,0.935745,0.936904,0.945871,0.971667,0.975906,0,0,0,0,0,0,0,0,0,0
PRIO,15,4000,5000,3,0.00774638,0.967464,7482890,0.679492,0.497691,0.502216,0.498436,0.507338,0.507945,0.498708,0.533455,0.514032,0.897574,0.920016,0.938247,0.938198,0.952403,0.963212,0.984031,0.981434,0,0,0,0,0,0,0,0,0
PRIO,16,4000,5000,1,0.00775109,0.968053,8153250,0.686105,0.408306,0.448299,0.450544,0.454066,0.470392,0.438727,0.467894,0.471021,0.913114,0.925059,0.931491,0.939629,0.954592,0.969609,0.982726,0.99101,0.984224,0,0,0,0,0,0,0,0
PRIO,17,4000,5000,3,0.00776563,0.96987,8808987,0.728712,0.539433,0.568635,0.565714,0.545079,0.54964,0.567438,0.588751,0.552285,0.589156,0.916917,0.926208,0.943634,0.967301,0.973752,0.975005,0.981152,0.990757,0.989048,0,0,0,0,0,0,0
PRIO,18,4000,5000,1,0.00773224,0.965697,8990871,0.703832,0.507247,0.525138,0.550721,0.532871,0.530167,0.51686,0.524109,0.53272,0.561852,0.917668,0.937933,0.942765,0.961391,0.973225,0.980547,0.989083,0.992954,1.00321,0.992741,0,0,0,0,0,0
PRIO,19,4000,5000,1,0.00776181,0.969394,9415042,0.707716,0.54064,0.542798,0.533433,0.534984,0.52442,0.563519,0.563107,0.56334,0.561981,0.579458,0.918698,0.941198,0.952131,0.976673,0.973229,0.993314,0.993548,1.00515,0.996887,0.993402,0,0,0,0,0
PRIO,20,4000,5000,4,0.00773957,0.966613,9909593,0.711662,0.514077,0.522834,0.526489,0.544409,0.548945,0.572343,0.565538,0.568333,0.566227,0.579424,0.910263,0.916121,0.948053,0.963658,0.969874,0.978225,0.984901,0.995356,0.997293,0.992901,0.996101,0,0,0,0
PRIO,21,4000,5000,1,0.00774226,0.966949,10490791,0.738358,0.578296,0.579185,0.612879,0.620086,0.614048,0.628572,0.636861,0.634212,0.640864,0.638358,0.65588,0.928653,0.936172,0.965529,0.971929,0.984022,0.986761,0.995181,0.999029,1.00048,1.00831,0.9944,0,0,0
PRIO,22,4000,5000,4,0.0077534,0.968342,10831627,0.736444,0.57294,0.578465,0.578677,0.556643,0.601362,0.625261,0.620984,0.617497,0.62291,0.617472,0.650276,0.92142,0.936327,0.954371,0.969694,0.968186,0.984847,0.998016,0.996755,0.997741,1.00483,1.00395,0.998958,0,0
PRIO,23,4000,5000,2,0.00774955,0.967861,10969570,0.755493,0.612488,0.621738,0.622212,0.62646,0.644067,0.649957,0.652748,0.640027,0.670641,0.681387,0.674713,0.702637,0.947899,0.96505,0.95569,0.98005,0.97444,0.994174,0.992541,1.00036,1.00418,1.00352,1.00608,0.997542,0
PRIO,24,4000,5000,3,0.00774954,0.967859,11321189,0.75673,0.588777,0.610436,0.631787,0.596594,0.607455,0.626073,0.632561,0.64964,0.669696,0.642449,0.656233,0.680409,0.927338,0.956572,0.96197,0.972936,0.970884,0.997794,0.99558,0.991241,1.00003,1.0006,1.00791,1.00778,0.998539
PRIO,0,3000,5000,4,0.00134,0.166667,0,0,0,0,0,0,0,0,0,0,0,0,0,0,0,0,0,0,0,0,0,0,0,0,0,0,0
PRIO,1,3000,5000,3,0.0023382,0.291442,13913,0,0,0,0,0,0,0,0,0,0,0,0,0,0,0,0,0,0,0,0,0,0,0,0,0,0
PRIO,2,3000,5000,2,0.00300207,0.374425,24353,0,0,0,0,0,0,0,0,0,0,0,0,0,0,0,0,0,0,0,0,0,0,0,0,0,0
PRIO,3,3000,5000,4,0.0043188,0.539017,48303,0,0,0,0,0,0,0,0,0,0,0,0,0,0,0,0,0,0,0,0,0,0,0,0,0,0
PRIO,4,3000,5000,2,0.00497307,0.6208,76210,0,0,0,0,0,0,0,0,0,0,0,0,0,0,0,0,0,0,0,0,0,0,0,0,0,0
PRIO,5,3000,5000,4,0.00626093,0.781783,143264,0,0,0,0,0,0,0,0,0,0,0,0,0,0,0,0,0,0,0,0,0,0,0,0,0,0
PRIO,6,3000,5000,3,0.00720373,0.899633,366391,0,0,0,0,0,0,0,0,0,0,0,0,0,0,0,0,0,0,0,0,0,0,0,0,0,0
PRIO,7,3000,5000,1,0.0075088,0.937767,619754,2.68417e-05,0,0,0,0,2.62294e-05,0,0,0.000202619,0,0,0,0,0,0,0,0,0,0,0,0,0,0,0,0,0
PRIO,8,3000,5000,2,0.0077112,0.963067,2318842,0.460503,0.158277,0.162334,0.165542,0.138761,0.803732,0.822552,0.840222,0.850005,0.845264,0,0,0,0,0,0,0,0,0,0,0,0,0,0,0,0
PRIO,9,3000,5000,2,0.0077604,0.969217,3970506,0.51198,0.2356,0.247793,0.260708,0.238292,0.272632,0.878942,0.902,0.90644,0.917691,0.915257,0,0,0,0,0,0,0,0,0,0,0,0,0,0,0
PRIO,10,3000,5000,3,0.00777407,0.970925,5987633,0.601443,0.308329,0.335594,0.340425,0.344952,0.330342,0.913991,0.917894,0.92434,0.93301,0.939093,0.952223,0,0,0,0,0,0,0,0,0,0,0,0,0,0
PRIO,11,3000,5000,4,0.00779053,0.972983,7589070,0.648992,0.490228,0.462446,0.47646,0.484032,0.481286,0.487044,0.925797,0.930898,0.944108,0.951688,0.965743,0.973944,0,0,0,0,0,0,0,0,0,0,0,0,0
PRIO,12,3000,5000,3,0.00779687,0.973775,8728924,0.678084,0.497445,0.500475,0.497056,0.510808,0.524894,0.507696,0.928798,0.940005,0.951239,0.959783,0.971864,0.98575,0.984025,0,0,0,0,0,0,0,0,0,0,0,0
PRIO,13,3000,5000,4,0.0078002,0.974192,9200356,0.720274,0.567918,0.569841,0.581141,0.584513,0.576852,0.577015,0.591625,0.923615,0.945923,0.957056,0.972539,0.979754,0.982607,0.983585,0,0,0,0,0,0,0,0,0,0,0
PRIO,14,3000,5000,4,0.00779947,0.9741,9928400,0.721753,0.525161,0.543771,0.545852,0.551833,0.569361,0.569493,0.580433,0.927188,0.939251,0.94607,0.970035,0.978406,0.993497,1.00057,0.996896,0,0,0,0,0,0,0,0,0,0
PRIO,15,3000,5000,3,0.00779573,0.973633,10487494,0.760031,0.607529,0.591172,0.6416,0.623703,0.639345,0.64083,0.650765,0.643872,0.926264,0.946551,0.956332,0.971618,0.981319,0.991062,0.996593,0.995528,0,0,0,0,0,0,0,0,0
PRIO,16,3000,5000,1,0.0078304,0.977967,11229543,0.759848,0.581882,0.59907,0.595909,0.610828,0.60597,0.601384,0.618404,0.617322,0.919237,0.947757,0.950808,0.976138,0.98145,0.99273,0.998337,1.00216,0.993625,0,0,0,0,0,0,0,0
PRIO,17,3000,5000,3,0.00782773,0.977633,11454831,0.777716,0.634896,0.641471,0.640044,0.671003,0.66566,0.676537,0.69341,0.70797,0.687506,0.937402,0.938907,0.962834,0.986381,0.992037,1.00184,0.999254,0.99791,0.994941,0,0,0,0,0,0,0
PRIO,18,3000,5000,1,0.00780227,0.97445,11940782,0.773591,0.617959,0.625754,0.645955,0.653207,0.638133,0.653535,0.6874,0.694223,0.678197,0.939033,0.946033,0.968313,0.973499,0.992227,0.99338,0.99901,1.00365,1.00015,0.995015,0,0,0,0,0,0
PRIO,19,3000,5000,1,0.00780667,0.975,12388038,0.789281,0.680411,0.692234,0.679932,0.715618,0.700326,0.713821,0.732145,0.736428,0.726127,0.771334,0.944807,0.954388,0.970509,0.984958,0.998915,1.00165,1.00211,1.00729,1.00623,0.996457,0,0,0,0,0
PRIO,20,3000,5000,4,0.007793,0.973292,12257041,0.777259,0.6483,0.649439,0.647447,0.668657,0.674586,0.693949,0.686285,0.691776,0.690876,0.713962,0.937912,0.952056,0.957561,0.983171,1.00101,1.00028,0.993465,1.00129,1.00422,1.00334,0.998955,0,0,0,0
PRIO,21,3000,5000,1,0.0078146,0.975992,12671328,0.777578,0.643299,0.659992,0.669628,0.689678,0.691066,0.702839,0.706063,0.707638,0.718907,0.735875,0.737775,0.955046,0.96403,0.985105,0.995834,0.9986,0.99694,0.997286,1.00231,1.00153,1.0089,0.993708,0,0,0
PRIO,22,3000,5000,4,0.00782367,0.977125,13111639,0.789976,0.645947,0.670536,0.690066,0.68663,0.682108,0.713438,0.717691,0.711026,0.705794,0.718628,0.775175,0.948991,0.980618,0.986783,0.993659,0.998869,0.994818,0.999978,1.005,1.0041,1.00892,1.0035,0.998827,0,0
PRIO,23,3000,5000,2,0.0078116,0.975617,13208217,0.801633,0.686759,0.685462,0.686957,0.714926,0.706917,0.738073,0.713978,0.751459,0.753243,0.77175,0.768098,0.802707,0.973785,0.974622,0.997639,1.00232,0.999664,1.00603,1.00349,1.00451,1.00898,1.00507,1.00868,0.997511,0
PRIO,24,3000,5000,3,0.00782993,0.977908,13635493,0.810099,0.69991,0.689938,0.713139,0.731021,0.728443,0.728636,0.750322,0.727654,0.747304,0.747917,0.783584,0.807653,0.974091,0.983418,0.986741,0.993567,1.00442,1.00691,1.00497,0.998739,1.00529,1.00498,1.00889,1.00732,0.997364
PRIO,0,2000,5000,4,0.00200667,0.25,0,0,0,0,0,0,0,0,0,0,0,0,0,0,0,0,0,0,0,0,0,0,0,0,0,0,0
PRIO,1,2000,5000,3,0.00350467,0.43725,18715,0,0,0,0,0,0,0,0,0,0,0,0,0,0,0,0,0,0,0,0,0,0,0,0,0,0
PRIO,2,2000,5000,2,0.00449153,0.560608,43992,0,0,0,0,0,0,0,0,0,0,0,0,0,0,0,0,0,0,0,0,0,0,0,0,0,0
PRIO,3,2000,5000,4,0.00645427,0.80595,134624,0,0,0,0,0,0,0,0,0,0,0,0,0,0,0,0,0,0,0,0,0,0,0,0,0,0
PRIO,4,2000,5000,2,0.0073992,0.924067,411625,0,0,0,0,0,0,0,0,0,0,0,0,0,0,0,0,0,0,0,0,0,0,0,0,0,0
PRIO,5,2000,5000,4,0.00779387,0.9734,4070213,0.525432,0.210694,0.210316,0.212777,0.910777,0.920573,0.931434,0,0,0,0,0,0,0,0,0,0,0,0,0,0,0,0,0,0,0
PRIO,6,2000,5000,3,0.0078358,0.978642,6439568,0.636961,0.330528,0.342145,0.334283,0.93471,0.943665,0.957352,0.958868,0,0,0,0,0,0,0,0,0,0,0,0,0,0,0,0,0,0
PRIO,7,2000,5000,1,0.00785673,0.981258,8012525,0.649974,0.465089,0.464858,0.451706,0.456591,0.950041,0.963908,0.974796,0.973561,0,0,0,0,0,0,0,0,0,0,0,0,0,0,0,0,0
PRIO,8,2000,5000,2,0.0078674,0.982592,9808587,0.680562,0.500429,0.479394,0.484987,0.481104,0.954409,0.965312,0.981417,0.978945,0.981436,0,0,0,0,0,0,0,0,0,0,0,0,0,0,0,0
PRIO,9,2000,5000,2,0.00786427,0.9822,10470411,0.735275,0.616599,0.598102,0.606269,0.628975,0.630456,0.952423,0.965028,0.968021,0.985765,0.982884,0,0,0,0,0,0,0,0,0,0,0,0,0,0,0
PRIO,10,2000,5000,3,0.007868,0.982667,11734540,0.746761,0.596691,0.613102,0.619857,0.609459,0.615424,0.947477,0.963803,0.970254,0.98626,0.994516,0.989635,0,0,0,0,0,0,0,0,0,0,0,0,0,0
PRIO,11,2000,5000,4,0.00787333,0.983333,12335907,0.806633,0.711837,0.733045,0.709253,0.731779,0.731234,0.74391,0.954193,0.968534,0.977295,0.989542,1.0014,0.992443,0,0,0,0,0,0,0,0,0,0,0,0,0
PRIO,12,2000,5000,3,0.00787107,0.98305,12488480,0.787573,0.694552,0.699045,0.693003,0.696507,0.710544,0.718883,0.957164,0.956187,0.977674,0.980795,0.989469,1.004,0.99676,0,0,0,0,0,0,0,0,0,0,0,0
PRIO,13,2000,5000,4,0.00787067,0.983,12753395,0.807649,0.722843,0.721552,0.721599,0.761161,0.753804,0.769682,0.767938,0.951712,0.978775,0.984725,0.996022,1.00426,1.00064,0.997046,0,0,0,0,0,0,0,0,0,0,0
PRIO,14,2000,5000,4,0.00787787,0.9839,13139223,0.816161,0.710367,0.716905,0.730704,0.753679,0.759433,0.765036,0.758638,0.947167,0.981237,0.979886,0.992004,1.00219,1.00375,1.00749,0.999028,0,0,0,0,0,0,0,0,0,0
PRIO,15,2000,5000,3,0.007869,0.982792,13632582,0.827095,0.723316,0.734749,0.745091,0.751997,0.762088,0.792797,0.785076,0.790342,0.956507,0.98262,0.986378,1.00274,1.00415,1.00832,1.00605,0.997349,0,0,0,0,0,0,0,0,0
PRIO,16,2000,5000,1,0.00786433,0.982208,13907140,0.831356,0.715666,0.73054,0.760076,0.755955,0.766324,0.768531,0.788537,0.78572,0.968007,0.977206,0.9894,1.00315,1.00526,1.00604,1.00895,1.00852,0.996724,0,0,0,0,0,0,0,0
PRIO,17,2000,5000,3,0.0078648,0.982267,14242420,0.843919,0.75012,0.763605,0.761899,0.776999,0.788874,0.803728,0.810053,0.841012,0.84599,0.969623,0.990813,0.999616,0.999479,1.00565,1.00863,1.00853,1.00527,0.99849,0,0,0,0,0,0,0
PRIO,18,2000,5000,1,0.00786647,0.982475,14581318,0.840373,0.742368,0.758199,0.761126,0.786467,0.787474,0.797766,0.816198,0.824571,0.840697,0.983275,0.982059,0.998015,1.00338,1.00649,1.00679,1.00849,1.00532,1.0081,0.995294,0,0,0,0,0,0
PRIO,19,2000,5000,1,0.0078746,0.983492,15231533,0.862856,0.77,0.792531,0.795938,0.817161,0.821004,0.843282,0.85492,0.857724,0.870241,0.889363,0.988212,1.00593,1.00244,1.00444,1.00751,1.0082,1.00507,1.0084,1.00507,0.994681,0,0,0,0,0
PRIO,20,2000,5000,4,0.00787847,0.983975,15291646,0.861195,0.772077,0.782979,0.782027,0.81059,0.812319,0.818316,0.836428,0.845045,0.879662,0.882875,0.991537,0.997706,1.00639,1.00357,1.00814,1.0065,1.0032,1.00837,1.00406,1.004,0.998219,0,0,0,0
PRIO,21,2000,5000,1,0.0078724,0.983217,15541245,0.865907,0.768806,0.783389,0.801161,0.812776,0.830522,0.844714,0.849277,0.868866,0.884146,0.904539,0.927288,1.00285,1.00099,1.00836,1.00591,1.00814,1.00312,1.00793,1.00341,1.00362,1.00815,0.992657,0,0,0
PRIO,22,2000,5000,4,0.00787847,0.983975,15490430,0.872856,0.786708,0.79873,0.807453,0.833339,0.834234,0.84365,0.862403,0.875649,0.891427,0.904573,0.914497,0.995489,1.00619,1.00726,1.00878,1.00819,1.00326,1.00802,1.0033,1.00395,1.0081,1.0031,0.998275,0,0
PRIO,23,2000,5000,2,0.0078768,0.983767,15760906,0.87957,0.787111,0.801623,0.807611,0.827024,0.844857,0.857671,0.882812,0.886214,0.907473,0.921792,0.9505,0.961575,1.00609,1.00807,1.00804,1.00693,0.992767,1.00599,1.00177,1.00228,1.00808,0.998759,1.00727,0.994081,0
PRIO,24,2000,5000,3,0.00786613,0.982433,15780685,0.886298,0.809993,0.812505,0.827433,0.832858,0.852769,0.872173,0.886827,0.89338,0.913476,0.928509,0.95025,0.965937,1.00774,1.00635,1.00691,1.00761,1.00062,1.00749,1.0017,1.00234,1.00757,1.00107,1.00669,1.0038,0.996675
PRIO,0,1000,5000,4,0.00400667,0.5,0,0,0,0,0,0,0,0,0,0,0,0,0,0,0,0,0,0,0,0,0,0,0,0,0,0,0
PRIO,1,1000,5000,3,0.00697347,0.87085,122496,0,0,0,0,0,0,0,0,0,0,0,0,0,0,0,0,0,0,0,0,0,0,0,0,0,0
PRIO,2,1000,5000,2,0.00784987,0.9804,4239481,0.446111,0,0.907491,0.918784,0,0,0,0,0,0,0,0,0,0,0,0,0,0,0,0,0,0,0,0,0,0
PRIO,3,1000,5000,4,0.00790707,0.98755,8851046,0.671987,0.529699,0.529904,0.979213,0.979515,0,0,0,0,0,0,0,0,0,0,0,0,0,0,0,0,0,0,0,0,0
PRIO,4,1000,5000,2,0.00791713,0.988808,10446297,0.626655,0.396031,0.399025,0.98196,0.994794,0.990687,0,0,0,0,0,0,0,0,0,0,0,0,0,0,0,0,0,0,0,0
PRIO,5,1000,5000,4,0.0079202,0.989192,12535011,0.838254,0.740468,0.753346,0.751784,0.972755,0.987215,0.983762,0,0,0,0,0,0,0,0,0,0,0,0,0,0,0,0,0,0,0
PRIO,6,1000,5000,3,0.00792293,0.989533,13270914,0.819654,0.69278,0.698259,0.71196,0.96669,0.982456,0.990238,0.990699,0,0,0,0,0,0,0,0,0,0,0,0,0,0,0,0,0,0
PRIO,7,1000,5000,1,0.00793447,0.990975,14771810,0.859778,0.805702,0.822781,0.822151,0.850069,0.974986,0.9941,1.00037,0.994876,0,0,0,0,0,0,0,0,0,0,0,0,0,0,0,0,0
PRIO,8,1000,5000,2,0.00793187,0.99065,15289831,0.857978,0.803531,0.813997,0.814405,0.837179,0.981763,0.995891,1.00086,1.00486,0.998944,0,0,0,0,0,0,0,0,0,0,0,0,0,0,0,0
PRIO,9,1000,5000,2,0.00792667,0.99,16048366,0.87567,0.827807,0.834774,0.848176,0.879769,0.891572,0.991235,1.00339,1.00438,1.0062,0.996643,0,0,0,0,0,0,0,0,0,0,0,0,0,0,0
PRIO,10,1000,5000,3,0.00793487,0.991025,16320200,0.877864,0.821855,0.82221,0.832371,0.864704,0.876875,0.989972,0.989443,1.00146,1.00482,1.00812,0.998901,0,0,0,0,0,0,0,0,0,0,0,0,0,0
PRIO,11,1000,5000,4,0.00793513,0.991058,16113987,0.902027,0.85789,0.872559,0.884709,0.911779,0.918811,0.937996,0.99946,1.00328,1.00266,1.00798,1.00844,0.998781,0,0,0,0,0,0,0,0,0,0,0,0,0
PRIO,12,1000,5000,3,0.0079302,0.990442,16447396,0.907676,0.859584,0.874429,0.886608,0.91361,0.92319,0.947174,1.00246,1.00481,1.00498,1.00804,1.00862,1.00869,0.998271,0,0,0,0,0,0,0,0,0,0,0,0
PRIO,13,1000,5000,4,0.0079324,0.990717,16850390,0.915764,0.864636,0.880645,0.894102,0.917761,0.933556,0.959228,0.974063,1.00123,1.00732,1.00748,1.00822,1.0085,1.00793,0.998364,0,0,0,0,0,0,0,0,0,0,0
PRIO,14,1000,5000,4,0.00793227,0.9907,16818478,0.921954,0.867899,0.88518,0.899013,0.925929,0.943892,0.961044,0.974915,1.00011,1.00626,1.00589,1.00791,1.00821,1.00802,1.00762,0.997174,0,0,0,0,0,0,0,0,0,0
PRIO,15,1000,5000,3,0.00793607,0.991175,18079120,0.923573,0.868472,0.884072,0.897021,0.923039,0.93856,0.964103,0.981514,0.990639,1.007,1.00664,1.00705,1.00815,1.00686,1.00737,1.00788,0.997178,0,0,0,0,0,0,0,0,0
PRIO,16,1000,5000,1,0.00793467,0.991,18166478,0.92315,0.867627,0.887888,0.903314,0.9238,0.944734,0.9682,0.982933,0.991485,1.00667,1.0066,1.00754,1.00782,1.00746,1.00613,1.00735,1.00661,0.989205,0,0,0,0,0,0,0,0
PRIO,17,1000,5000,3,0.0079288,0.990267,19123877,0.927563,0.858323,0.88107,0.901538,0.924805,0.943844,0.965077,0.982333,0.993987,1.0015,1.00596,1.00717,1.00814,1.00742,1.00754,1.00715,1.00588,0.996566,0.994861,0,0,0,0,0,0,0
PRIO,18,1000,5000,1,0.0079322,0.990692,19231347,0.926335,0.86462,0.872978,0.898298,0.921823,0.937697,0.966326,0.983459,0.996673,0.996568,1.00292,1.00625,1.00686,1.0027,1.00522,1.00477,0.996449,0.996914,1.00376,0.981846,0,0,0,0,0,0
PRIO,19,1000,5000,1,0.00793627,0.9912,20224597,0.926246,0.855061,0.874513,0.886292,0.919206,0.948297,0.967628,0.983865,0.995317,0.998419,1.00223,1.00684,1.00731,1.00611,1.00681,0.995548,1.00505,0.983204,1.00313,0.991918,0.97882,0,0,0,0,0
PRIO,20,1000,5000,4,0.0079402,0.991692,20158448,0.930244,0.867688,0.880675,0.897379,0.92176,0.944714,0.969403,0.991051,0.998691,1.00368,1.00209,1.00537,1.00732,0.995068,1.00642,1.00565,0.993393,0.982215,0.990188,0.990848,0.959333,0.993865,0,0,0,0
PRIO,21,1000,5000,1,0.00793273,0.990758,20672956,0.932075,0.851989,0.87347,0.895182,0.918423,0.943496,0.964297,0.991362,0.997503,1.00147,1.00644,1.00628,1.00748,1.00374,1.00714,1.00644,1.00377,0.993293,0.993542,0.978021,0.971264,1.00279,0.967027,0,0,0
PRIO,22,1000,5000,4,0.00793413,0.990933,20485473,0.931716,0.849739,0.87144,0.890382,0.921058,0.937465,0.965868,0.987467,0.996591,0.999421,1.00414,1.00608,1.00607,1.005,1.00611,1.00503,1.00245,0.983928,0.98183,0.972563,0.961768,0.995504,0.961239,0.963732,0,0
PRIO,23,1000,5000,2,0.0079356,0.991117,20666261,0.932721,0.83384,0.85573,0.877837,0.912009,0.936835,0.969996,0.987366,0.996636,1.00394,1.00667,1.00818,1.00459,1.00479,1.0055,1.0036,1.00124,0.985479,0.999838,0.989457,0.974402,0.999651,0.968968,1.0012,0.908213,0
PRIO,24,1000,5000,3,0.007936,0.991167,20537766,0.932303,0.836929,0.857994,0.88291,0.910148,0.942377,0.969388,0.988328,0.996806,1.0044,1.00671,1.00625,1.0066,1.00411,1.00503,1.00579,1.00287,0.979135,0.999307,0.971451,0.969252,0.998844,0.954609,0.995364,0.964423,0.966047
